s.no,id,dir,_file_,power_state_value,current_rise/fall_time_value (mS),current_stabilised_value (mA),current_max/min_value (mA),power_state_spec,current_rise/fall_time_spec (mS),current_stabilised_spec (mA),current_max/min_spec (mA),power_state_N/NC,current_rise/fall_time_C/NC,current_stabilised_C/NC,current_max/min_C/NC
1,ON_1_20181031_173504,104, HEGSE_72.HTM,ON,89.990000000000,150.000000000000,405.992200000000,ON,60,510.204,800,C,NC,C,C
2,OFF_2_20181031_173628,104, HEGSE_72.HTM,OFF,7.992000000000,30.000000000000,-56.000000000000,OFF,10,510.204,-100,C,C,C,C
3,ON_3_20181031_173800,104, HEGSE_72.HTM,ON,89.950000000000,140.000000000000,405.992200000000,ON,60,495.049,800,C,NC,C,C
4,OFF_4_20181031_173921,104, HEGSE_72.HTM,OFF,7.997000000000,30.000000000000,-58.000000000000,OFF,10,495.049,-100,C,C,C,C
5,ON_1_20181102_084600,103, HEGSE_72.HTM,ON,56.650000000000,169.800000000000,405.992200000000,ON,60,510.204,800,C,C,C,C
6,OFF_2_20181102_084723,103, HEGSE_72.HTM,OFF,8.000000000000,56.400000000000,-32.000000000000,OFF,10,510.204,-100,C,C,C,C
7,ON_3_20181102_084856,103, HEGSE_72.HTM,ON,36.970000000000,166.300000000000,405.992200000000,ON,60,495.049,800,C,C,C,C
8,OFF_4_20181102_085018,103, HEGSE_72.HTM,OFF,8.000000000000,58.000000000000,-28.000000000000,OFF,10,495.049,-100,C,C,C,C
9,ON_1_20181102_085847,102, HEGSE_72.HTM,ON,37.040000000000,170.000000000000,401.312500000000,ON,60,510.204,800,C,C,C,C
10,OFF_2_20181102_090016,102, HEGSE_72.HTM,OFF,4.377000000000,55.100000000000,-26.421900000000,OFF,10,510.204,-100,C,C,C,C
11,ON_3_20181102_090149,102, HEGSE_72.HTM,ON,36.970000000000,165.600000000000,401.312500000000,ON,60,495.049,800,C,C,C,C
12,OFF_4_20181102_090312,102, HEGSE_72.HTM,OFF,8.000000000000,57.900000000000,-23.804700000000,OFF,10,495.049,-100,C,C,C,C
13,ON_1_20181031_163301,105, HEGSE_72.HTM,ON,0.089630000000,0.140000000000,0.401312500000,ON,60,510.204,800,C,NC,C,C
14,OFF_2_20181031_163423,105, HEGSE_72.HTM,OFF,0.007704000000,0.030000000000,-0.054929700000,OFF,10,510.204,-100,C,C,C,C
15,ON_3_20181031_163555,105, HEGSE_72.HTM,ON,0.089000000000,0.140000000000,0.401312500000,ON,60,495.049,800,C,NC,C,C
16,OFF_4_20181031_164012,105, HEGSE_72.HTM,OFF,0.007997000000,0.020000000000,-0.068859400000,OFF,10,495.049,-100,C,C,C,C
17,ON_1_20190507_200536,023, HEGSE_11.HTM,ON,49.700000000000,155.000000000000,630.781300000000,ON,60,510.204,800,C,C,C,C
18,OFF_2_20190507_200720,023, HEGSE_11.HTM,OFF,1.260000000000,0.000000000000,-36.906300000000,OFF,7.8,1.02,-100,C,C,C,C
19,ON_3_20190507_200905,023, HEGSE_11.HTM,ON,49.500000000000,150.000000000000,624.546900000000,ON,60,510.204,800,C,C,C,C
20,OFF_4_20190507_201049,023, HEGSE_11.HTM,OFF,1.088000000000,0.000000000000,-39.257800000000,OFF,7.8,1.02,-100,C,C,C,C
21,ON_5_20190507_201233,023, HEGSE_11.HTM,ON,51.420000000000,150.000000000000,648.781300000000,ON,60,510.204,800,C,C,C,C
22,OFF_6_20190507_201417,023, HEGSE_11.HTM,OFF,0.987000000000,-5.000000000000,-40.929700000000,OFF,7.8,1.02,-100,C,C,C,C
23,ON_7_20190507_201625,023, HEGSE_11.HTM,ON,49.300000000000,145.000000000000,607.406300000000,ON,60,510.204,800,C,C,C,C
24,OFF_8_20190507_201809,023, HEGSE_11.HTM,OFF,1.259000000000,-5.000000000000,-39.976600000000,OFF,7.8,0.99,-100,C,C,C,C
25,ON_9_20190507_201951,023, HEGSE_11.HTM,ON,48.950000000000,145.000000000000,606.000000000000,ON,60,510.204,800,C,C,C,C
26,OFF_10_20190507_202134,023, HEGSE_11.HTM,OFF,1.088000000000,0.000000000000,-39.367200000000,OFF,7.8,0.99,-100,C,C,C,C
27,ON_11_20190507_202318,023, HEGSE_11.HTM,ON,51.420000000000,145.000000000000,625.671900000000,ON,60,510.204,800,C,C,C,C
28,OFF_12_20190507_202502,023, HEGSE_11.HTM,OFF,7.734000000000,-10.000000000000,-41.781300000000,OFF,7.8,0.99,-100,C,C,C,C
29,ON_1_20181214_194019,015, HEGSE_72.HTM,ON,51.900000000000,140.100000000000,589.812500000000,ON,60,510.204,800,C,C,C,C
30,OFF_2_20181214_194147,015, HEGSE_72.HTM,OFF,1.335000000000,0.000000000000,-30.046900000000,OFF,7.8,1.02,-100,C,C,C,C
31,ON_3_20181214_194327,015, HEGSE_72.HTM,ON,51.550000000000,140.000000000000,569.875000000000,ON,60,495.049,800,C,C,C,C
32,OFF_4_20181214_194455,015, HEGSE_72.HTM,OFF,1.333000000000,0.000000000000,-27.828100000000,OFF,7.8,0.99,-100,C,C,C,C
33,ON_1_20181207_093147,012, HEGSE_72.HTM,ON,52.190000000000,130.000000000000,626.390700000000,ON,60,510.204,800,C,C,C,C
34,OFF_2_20181207_093313,012, HEGSE_72.HTM,OFF,1.189000000000,0.000000000000,12.281300000000,OFF,7.8,1.02,-100,C,C,C,C
35,ON_3_20181207_093453,012, HEGSE_72.HTM,ON,51.880000000000,120.000000000000,610.421900000000,ON,60,495.049,800,C,C,C,C
36,OFF_4_20181207_093620,012, HEGSE_72.HTM,OFF,1.317000000000,0.000000000000,7.046900000000,OFF,7.8,0.99,-100,C,C,C,C
37,ON_1_20181102_094014,079, HEGSE_11.HTM,ON,37.150000000000,170.000000000000,401.312500000000,ON,60,510.204,800,C,C,C,C
38,OFF_2_20181102_094429,079, HEGSE_11.HTM,OFF,4.627000000000,54.700000000000,-24.804700000000,OFF,10,1.02,-100,C,C,NC,C
39,ON_3_20181102_094554,079, HEGSE_11.HTM,ON,36.990000000000,170.000000000000,401.312500000000,ON,60,510.204,800,C,C,C,C
40,OFF_4_20181102_094835,079, HEGSE_11.HTM,OFF,7.979000000000,57.800000000000,-24.921900000000,OFF,10,1.02,-100,C,C,NC,C
41,ON_5_20181102_095000,079, HEGSE_11.HTM,ON,36.860000000000,170.000000000000,401.312500000000,ON,60,510.204,800,C,C,C,C
42,OFF_6_20181102_095146,079, HEGSE_11.HTM,OFF,7.999000000000,59.300000000000,-23.781300000000,OFF,10,1.02,-100,C,C,NC,C
43,ON_7_20181102_095418,079, HEGSE_11.HTM,ON,37.120000000000,166.400000000000,401.312500000000,ON,60,510.204,800,C,C,C,C
44,OFF_8_20181102_095541,079, HEGSE_11.HTM,OFF,6.868000000000,60.000000000000,-23.257800000000,OFF,10,0.99,-100,C,C,NC,C
45,ON_9_20181102_095709,079, HEGSE_11.HTM,ON,36.780000000000,168.900000000000,401.312500000000,ON,60,510.204,800,C,C,C,C
46,OFF_10_20181102_095838,079, HEGSE_11.HTM,OFF,7.901000000000,59.900000000000,-23.093800000000,OFF,10,0.99,-100,C,C,NC,C
47,ON_11_20181102_100033,079, HEGSE_11.HTM,ON,36.820000000000,166.000000000000,401.312500000000,ON,60,510.204,800,C,C,C,C
48,OFF_12_20181102_100155,079, HEGSE_11.HTM,OFF,7.999000000000,59.100000000000,-23.421900000000,OFF,10,0.99,-100,C,C,NC,C
49,ON_1_20181214_113209,046, HEGSE_72.HTM,ON,50.340000000000,-200.000000000000,203.031300000000,ON,60,510.204,800,C,C,C,C
50,OFF_2_20181214_113339,046, HEGSE_72.HTM,OFF,-1.906000000000,-250.000000000000,-251.929700000000,OFF,7.8,1.02,-100,C,C,C,NC
51,ON_3_20181214_113523,046, HEGSE_72.HTM,ON,50.010000000000,-200.000000000000,182.687500000000,ON,60,495.049,800,C,C,C,C
52,OFF_4_20181214_113653,046, HEGSE_72.HTM,OFF,-1.906000000000,-250.000000000000,-251.929700000000,OFF,7.8,0.99,-100,C,C,C,NC
53,ON_1_20181123_181943,041, HEGSE_11.HTM,ON,66.840000000000,129.900000000000,590.718800000000,ON,60,510.204,800,C,NC,C,C
54,OFF_2_20181123_182105,041, HEGSE_11.HTM,OFF,8.000000000000,-16.700000000000,-52.187500000000,OFF,7.8,1.02,-100,C,NC,C,C
55,ON_3_20181123_182229,041, HEGSE_11.HTM,ON,66.670000000000,129.600000000000,583.562500000000,ON,60,510.204,800,C,NC,C,C
56,OFF_4_20181123_182352,041, HEGSE_11.HTM,OFF,8.000000000000,-15.300000000000,-52.429700000000,OFF,7.8,1.02,-100,C,NC,C,C
57,ON_5_20181123_182515,041, HEGSE_11.HTM,ON,52.330000000000,127.900000000000,583.375000000000,ON,60,510.204,800,C,C,C,C
58,OFF_6_20181123_182638,041, HEGSE_11.HTM,OFF,8.000000000000,-17.300000000000,-52.546900000000,OFF,7.8,1.02,-100,C,NC,C,C
59,ON_7_20181123_182820,041, HEGSE_11.HTM,ON,46.940000000000,120.000000000000,562.671900000000,ON,60,510.204,800,C,C,C,C
60,OFF_8_20181123_182943,041, HEGSE_11.HTM,OFF,7.994000000000,-19.400000000000,-51.210900000000,OFF,7.8,0.99,-100,C,NC,C,C
61,ON_9_20181123_183106,041, HEGSE_11.HTM,ON,47.460000000000,120.000000000000,563.531300000000,ON,60,510.204,800,C,C,C,C
62,OFF_10_20181123_183229,041, HEGSE_11.HTM,OFF,7.985000000000,-19.600000000000,-52.593800000000,OFF,7.8,0.99,-100,C,NC,C,C
63,ON_11_20181123_183353,041, HEGSE_11.HTM,ON,65.970000000000,120.000000000000,563.046900000000,ON,60,510.204,800,C,NC,C,C
64,OFF_12_20181123_183516,041, HEGSE_11.HTM,OFF,7.850000000000,-20.000000000000,-51.835900000000,OFF,7.8,0.99,-100,C,NC,C,C
65,ON_1_20181207_094927,048, HEGSE_72.HTM,ON,74.800000000000,69.400000000000,606.000000000000,ON,60,510.204,800,C,NC,C,C
66,OFF_2_20181207_095058,048, HEGSE_72.HTM,OFF,1.151000000000,-60.000000000000,-91.968800000000,OFF,7.8,1.02,-100,C,C,C,C
67,ON_3_20181207_095241,048, HEGSE_72.HTM,ON,52.000000000000,60.000000000000,585.375000000000,ON,60,495.049,800,C,C,C,C
68,OFF_4_20181207_095409,048, HEGSE_72.HTM,OFF,1.134000000000,-70.000000000000,-95.710900000000,OFF,7.8,0.99,-100,C,C,C,C
69,ON_1_20181102_152156,077, HEGSE_11.HTM,ON,37.100000000000,150.000000000000,401.312500000000,ON,60,510.204,800,C,C,C,C
70,OFF_2_20181102_152310,077, HEGSE_11.HTM,OFF,8.000000000000,39.400000000000,-42.921900000000,OFF,10,1.02,-100,C,C,NC,C
71,ON_3_20181102_152424,077, HEGSE_11.HTM,ON,36.980000000000,150.000000000000,401.312500000000,ON,60,510.204,800,C,C,C,C
72,OFF_4_20181102_152538,077, HEGSE_11.HTM,OFF,7.830000000000,40.000000000000,-42.085900000000,OFF,10,1.02,-100,C,C,NC,C
73,ON_5_20181102_152652,077, HEGSE_11.HTM,ON,36.900000000000,150.000000000000,401.312500000000,ON,60,510.204,800,C,C,C,C
74,OFF_6_20181102_152806,077, HEGSE_11.HTM,OFF,7.997000000000,38.500000000000,-42.960900000000,OFF,10,1.02,-100,C,C,NC,C
75,ON_7_20181102_152935,077, HEGSE_11.HTM,ON,55.790000000000,150.000000000000,401.312500000000,ON,60,510.204,800,C,C,C,C
76,OFF_8_20181102_153049,077, HEGSE_11.HTM,OFF,7.768000000000,40.000000000000,-41.796900000000,OFF,10,0.99,-100,C,C,NC,C
77,ON_9_20181102_153203,077, HEGSE_11.HTM,ON,55.670000000000,150.000000000000,401.312500000000,ON,60,510.204,800,C,C,C,C
78,OFF_10_20181102_153317,077, HEGSE_11.HTM,OFF,4.590000000000,40.000000000000,-40.945300000000,OFF,10,0.99,-100,C,C,NC,C
79,ON_11_20181102_153431,077, HEGSE_11.HTM,ON,55.530000000000,150.000000000000,401.312500000000,ON,60,510.204,800,C,C,C,C
80,OFF_12_20181102_153545,077, HEGSE_11.HTM,OFF,4.449000000000,40.000000000000,-40.890600000000,OFF,10,0.99,-100,C,C,NC,C
81,ON_1_20190524_135310,083, HEGSE_11.HTM,ON,44.410000000000,145.000000000000,582.656300000000,ON,60,510.204,800,C,C,C,C
82,OFF_2_20190524_135451,083, HEGSE_11.HTM,OFF,1.455000000000,0.000000000000,-32.679700000000,OFF,7.8,1.02,-100,C,C,C,C
83,ON_3_20190524_135633,083, HEGSE_11.HTM,ON,46.180000000000,145.000000000000,588.156300000000,ON,60,510.204,800,C,C,C,C
84,OFF_4_20190524_135814,083, HEGSE_11.HTM,OFF,1.243000000000,0.000000000000,-33.882800000000,OFF,7.8,1.02,-100,C,C,C,C
85,ON_5_20190524_135956,083, HEGSE_11.HTM,ON,51.200000000000,140.000000000000,589.593800000000,ON,60,510.204,800,C,C,C,C
86,OFF_6_20190524_140138,083, HEGSE_11.HTM,OFF,1.109000000000,0.000000000000,-33.773400000000,OFF,7.8,1.02,-100,C,C,C,C
87,ON_7_20190524_140343,083, HEGSE_11.HTM,ON,44.460000000000,140.000000000000,572.562500000000,ON,60,510.204,800,C,C,C,C
88,OFF_8_20190524_140525,083, HEGSE_11.HTM,OFF,1.416000000000,0.000000000000,-32.210900000000,OFF,7.8,0.99,-100,C,C,C,C
89,ON_9_20190524_140706,083, HEGSE_11.HTM,ON,46.290000000000,140.000000000000,578.125000000000,ON,60,510.204,800,C,C,C,C
90,OFF_10_20190524_140848,083, HEGSE_11.HTM,OFF,1.250000000000,0.000000000000,-31.765600000000,OFF,7.8,0.99,-100,C,C,C,C
91,ON_11_20190524_141030,083, HEGSE_11.HTM,ON,51.330000000000,140.000000000000,576.218800000000,ON,60,510.204,800,C,C,C,C
92,OFF_12_20190524_141211,083, HEGSE_11.HTM,OFF,1.151000000000,0.000000000000,-32.992200000000,OFF,7.8,0.99,-100,C,C,C,C
93,ON_1_20190524_133151,084, HEGSE_11.HTM,ON,45.330000000000,140.000000000000,557.390700000000,ON,60,510.204,800,C,C,C,C
94,OFF_2_20190524_133333,084, HEGSE_11.HTM,OFF,1.262000000000,0.000000000000,-35.703100000000,OFF,7.8,1.02,-100,C,C,C,C
95,ON_3_20190524_133514,084, HEGSE_11.HTM,ON,46.160000000000,140.000000000000,562.562500000000,ON,60,510.204,800,C,C,C,C
96,OFF_4_20190524_133656,084, HEGSE_11.HTM,OFF,1.114000000000,-5.000000000000,-43.445300000000,OFF,7.8,1.02,-100,C,C,C,C
97,ON_5_20190524_133837,084, HEGSE_11.HTM,ON,51.190000000000,130.000000000000,564.265700000000,ON,60,510.204,800,C,C,C,C
98,OFF_6_20190524_134019,084, HEGSE_11.HTM,OFF,0.978000000000,-10.000000000000,-47.914100000000,OFF,7.8,1.02,-100,C,C,C,C
99,ON_7_20190524_134225,084, HEGSE_11.HTM,ON,44.160000000000,140.000000000000,565.671900000000,ON,60,510.204,800,C,C,C,C
100,OFF_8_20190524_134406,084, HEGSE_11.HTM,OFF,1.294000000000,0.000000000000,-34.632800000000,OFF,7.8,0.99,-100,C,C,C,C
101,ON_9_20190524_134548,084, HEGSE_11.HTM,ON,46.290000000000,135.000000000000,567.781300000000,ON,60,510.204,800,C,C,C,C
102,OFF_10_20190524_134730,084, HEGSE_11.HTM,OFF,1.090000000000,0.000000000000,-36.421900000000,OFF,7.8,0.99,-100,C,C,C,C
103,ON_11_20190524_134911,084, HEGSE_11.HTM,ON,51.330000000000,135.000000000000,566.406300000000,ON,60,510.204,800,C,C,C,C
104,OFF_12_20190524_135053,084, HEGSE_11.HTM,OFF,0.989000000000,0.000000000000,-38.187500000000,OFF,7.8,0.99,-100,C,C,C,C
105,ON_1_20181129_183910,070, HEGSE_11.HTM,ON,52.450000000000,190.000000000000,651.234400000000,ON,60,510.204,800,C,C,C,C
106,OFF_2_20181129_184031,070, HEGSE_11.HTM,OFF,1.345000000000,60.000000000000,29.570300000000,OFF,7.8,1.02,-100,C,C,NC,C
107,ON_3_20181129_184152,070, HEGSE_11.HTM,ON,52.270000000000,190.000000000000,651.843800000000,ON,60,510.204,800,C,C,C,C
108,OFF_4_20181129_184313,070, HEGSE_11.HTM,OFF,1.189000000000,60.000000000000,26.765600000000,OFF,7.8,1.02,-100,C,C,NC,C
109,ON_5_20181129_184434,070, HEGSE_11.HTM,ON,52.370000000000,189.300000000000,646.421900000000,ON,60,510.204,800,C,C,C,C
110,OFF_6_20181129_184555,070, HEGSE_11.HTM,OFF,1.072000000000,60.000000000000,23.890600000000,OFF,7.8,1.02,-100,C,C,NC,C
111,ON_7_20181129_184735,070, HEGSE_11.HTM,ON,52.150000000000,180.000000000000,627.015700000000,ON,60,510.204,800,C,C,C,C
112,OFF_8_20181129_184856,070, HEGSE_11.HTM,OFF,1.356000000000,58.500000000000,24.781300000000,OFF,7.8,0.99,-100,C,C,NC,C
113,ON_9_20181129_185017,070, HEGSE_11.HTM,ON,51.970000000000,180.000000000000,629.328200000000,ON,60,510.204,800,C,C,C,C
114,OFF_10_20181129_185138,070, HEGSE_11.HTM,OFF,1.199000000000,57.300000000000,23.687500000000,OFF,7.8,0.99,-100,C,C,NC,C
115,ON_11_20181129_185259,070, HEGSE_11.HTM,ON,52.260000000000,180.000000000000,628.593800000000,ON,60,510.204,800,C,C,C,C
116,OFF_12_20181129_185420,070, HEGSE_11.HTM,OFF,1.072000000000,55.200000000000,23.765600000000,OFF,7.8,0.99,-100,C,C,NC,C
117,ON_1_20181205_084136,013, HEGSE_72.HTM,ON,49.360000000000,120.000000000000,472.968800000000,ON,60,510.204,800,C,C,C,C
118,OFF_2_20181205_084307,013, HEGSE_72.HTM,OFF,1.235000000000,0.00000000000,-36.671900000000,OFF,7.8,1.02,-100,C,C,C,C
119,ON_3_20181205_084451,013, HEGSE_72.HTM,ON,49.170000000000,120.000000000000,456.656300000000,ON,60,495.049,800,C,C,C,C
120,OFF_4_20181205_084622,013, HEGSE_72.HTM,OFF,1.236000000000,0.000000000000,-28.132800000000,OFF,7.8,0.99,-100,C,C,C,C
121,ON_1_20181125_175944,014, HEGSE_72.HTM,ON,51.080000000000,120.000000000000,656.343800000000,ON,60,510.204,800,C,C,C,C
122,OFF_2_20181125_180113,014, HEGSE_72.HTM,OFF,1.292000000000,0.000000000000,-33.171900000000,OFF,7.8,1.02,-100,C,C,C,C
123,ON_3_20181125_180255,014, HEGSE_72.HTM,ON,50.750000000000,120.000000000000,637.312500000000,ON,60,495.049,800,C,C,C,C
124,OFF_4_20181125_180425,014, HEGSE_72.HTM,OFF,1.295000000000,0.000000000000,-31.617200000000,OFF,7.8,0.99,-100,C,C,C,C
125,ON_1_20190509_172117,022, HEGSE_11.HTM,ON,47.910000000000,165.000000000000,621.562500000000,ON,60,510.204,800,C,C,C,C
126,OFF_2_20190509_172301,022, HEGSE_11.HTM,OFF,1.311000000000,20.000000000000,-24.554700000000,OFF,7.8,1.02,-100,C,C,NC,C
127,ON_3_20190509_172445,022, HEGSE_11.HTM,ON,47.310000000000,155.000000000000,683.953200000000,ON,60,510.204,800,C,C,C,C
128,OFF_4_20190509_172629,022, HEGSE_11.HTM,OFF,1.120000000000,0.000000000000,-37.453100000000,OFF,7.8,1.02,-100,C,C,C,C
129,ON_5_20190509_172813,022, HEGSE_11.HTM,ON,51.220000000000,140.000000000000,669.328200000000,ON,60,510.204,800,C,C,C,C
130,OFF_6_20190509_172957,022, HEGSE_11.HTM,OFF,1.006000000000,-10.000000000000,-51.414100000000,OFF,7.8,1.02,-100,C,C,C,C
131,ON_7_20190509_173204,022, HEGSE_11.HTM,ON,47.100000000000,125.000000000000,572.734400000000,ON,60,510.204,800,C,C,C,C
132,OFF_8_20190509_173348,022, HEGSE_11.HTM,OFF,1.334000000000,-15.000000000000,-59.453100000000,OFF,7.8,0.99,-100,C,C,C,C
133,ON_9_20190509_173532,022, HEGSE_11.HTM,ON,46.810000000000,115.000000000000,639.687500000000,ON,60,510.204,800,C,C,C,C
134,OFF_10_20190509_173716,022, HEGSE_11.HTM,OFF,1.142000000000,-20.000000000000,-65.828100000000,OFF,7.8,0.99,-100,C,C,C,C
135,ON_11_20190509_173900,022, HEGSE_11.HTM,ON,51.200000000000,110.000000000000,638.406300000000,ON,60,510.204,800,C,C,C,C
136,OFF_12_20190509_174044,022, HEGSE_11.HTM,OFF,1.009000000000,-30.000000000000,-71.515600000000,OFF,7.8,0.99,-100,C,C,C,C
137,ON_1_20190429_185829,025, HEGSE_11.HTM,ON,47.300000000000,180.000000000000,660.531300000000,ON,60,510.204,800,C,C,C,C
138,OFF_2_20190429_190009,025, HEGSE_11.HTM,OFF,1.328000000000,25.000000000000,-12.609400000000,OFF,7.8,1.02,-100,C,C,NC,C
139,ON_3_20190429_190149,025, HEGSE_11.HTM,ON,47.090000000000,180.000000000000,733.281300000000,ON,60,510.204,800,C,C,C,C
140,OFF_4_20190429_190329,025, HEGSE_11.HTM,OFF,1.147000000000,25.000000000000,-13.812500000000,OFF,7.8,1.02,-100,C,C,NC,C
141,ON_5_20190429_190509,025, HEGSE_11.HTM,ON,51.210000000000,180.000000000000,732.406300000000,ON,60,510.204,800,C,C,C,C
142,OFF_6_20190429_190649,025, HEGSE_11.HTM,OFF,7.889000000000,20.000000000000,-13.851600000000,OFF,7.8,1.02,-100,C,NC,NC,C
143,ON_7_20190429_190851,025, HEGSE_11.HTM,ON,47.010000000000,175.000000000000,638.015700000000,ON,60,510.204,800,C,C,C,C
144,OFF_8_20190429_191031,025, HEGSE_11.HTM,OFF,7.811000000000,20.000000000000,-12.312500000000,OFF,7.8,0.99,-100,C,NC,NC,C
145,ON_9_20190429_191211,025, HEGSE_11.HTM,ON,46.810000000000,175.000000000000,711.468800000000,ON,60,510.204,800,C,C,C,C
146,OFF_10_20190429_191351,025, HEGSE_11.HTM,OFF,6.990000000000,20.000000000000,-12.976600000000,OFF,7.8,0.99,-100,C,C,NC,C
147,ON_11_20190429_191531,025, HEGSE_11.HTM,ON,47.550000000000,175.000000000000,712.828200000000,ON,60,510.204,800,C,C,C,C
148,OFF_12_20190429_191711,025, HEGSE_11.HTM,OFF,3.378000000000,20.000000000000,-12.757800000000,OFF,7.8,0.99,-100,C,C,NC,C
149,ON_1_20181117_150827,071, HEGSE_11.HTM,ON,37.070000000000,160.000000000000,401.312500000000,ON,60,510.204,800,C,C,C,C
150,OFF_2_20181117_150946,071, HEGSE_11.HTM,OFF,4.817000000000,50.000000000000,-30.546900000000,OFF,10,1.02,-100,C,C,NC,C
151,ON_3_20181117_151104,071, HEGSE_11.HTM,ON,36.920000000000,160.500000000000,401.312500000000,ON,60,510.204,800,C,C,C,C
152,OFF_4_20181117_151223,071, HEGSE_11.HTM,OFF,4.595000000000,50.000000000000,-30.117200000000,OFF,10,1.02,-100,C,C,NC,C
153,ON_5_20181117_151342,071, HEGSE_11.HTM,ON,36.850000000000,160.800000000000,401.312500000000,ON,60,510.204,800,C,C,C,C
154,OFF_6_20181117_151500,071, HEGSE_11.HTM,OFF,6.533000000000,50.000000000000,-31.015600000000,OFF,10,1.02,-100,C,C,NC,C
155,ON_7_20181117_151638,071, HEGSE_11.HTM,ON,36.950000000000,160.000000000000,401.312500000000,ON,60,510.204,800,C,C,C,C
156,OFF_8_20181117_151756,071, HEGSE_11.HTM,OFF,5.181000000000,50.000000000000,-32.250000000000,OFF,10,0.99,-100,C,C,NC,C
157,ON_9_20181117_151915,071, HEGSE_11.HTM,ON,56.480000000000,160.000000000000,401.312500000000,ON,60,510.204,800,C,C,C,C
158,OFF_10_20181117_152033,071, HEGSE_11.HTM,OFF,4.675000000000,50.000000000000,-30.023400000000,OFF,10,0.99,-100,C,C,NC,C
159,ON_11_20181117_152152,071, HEGSE_11.HTM,ON,56.630000000000,160.000000000000,401.312500000000,ON,60,510.204,800,C,C,C,C
160,OFF_12_20181117_152310,071, HEGSE_11.HTM,OFF,4.561000000000,50.000000000000,-31.039100000000,OFF,10,0.99,-100,C,C,NC,C
161,ON_1_20190523_142712,085, HEGSE_11.HTM,ON,44.320000000000,160.000000000000,599.171900000000,ON,60,510.204,800,C,C,C,C
162,OFF_2_20190523_142857,085, HEGSE_11.HTM,OFF,1.275000000000,15.000000000000,-21.210900000000,OFF,7.8,1.02,-100,C,C,NC,C
163,ON_3_20190523_143041,085, HEGSE_11.HTM,ON,46.170000000000,155.000000000000,606.187500000000,ON,60,510.204,800,C,C,C,C
164,OFF_4_20190523_143225,085, HEGSE_11.HTM,OFF,1.232000000000,10.000000000000,-23.890600000000,OFF,7.8,1.02,-100,C,C,NC,C
165,ON_5_20190523_143410,085, HEGSE_11.HTM,ON,51.310000000000,150.000000000000,599.875000000000,ON,60,510.204,800,C,C,C,C
166,OFF_6_20190523_143554,085, HEGSE_11.HTM,OFF,0.986000000000,10.000000000000,-27.929700000000,OFF,7.8,1.02,-100,C,C,NC,C
167,ON_7_20190523_143804,085, HEGSE_11.HTM,ON,44.310000000000,140.000000000000,578.406300000000,ON,60,510.204,800,C,C,C,C
168,OFF_8_20190523_143949,085, HEGSE_11.HTM,OFF,1.278000000000,0.000000000000,-33.742200000000,OFF,7.8,0.99,-100,C,C,C,C
169,ON_9_20190523_144133,085, HEGSE_11.HTM,ON,46.180000000000,140.000000000000,581.218800000000,ON,60,510.204,800,C,C,C,C
170,OFF_10_20190523_144317,085, HEGSE_11.HTM,OFF,1.091000000000,0.000000000000,-35.343800000000,OFF,7.8,0.99,-100,C,C,C,C
171,ON_11_20190523_144500,085, HEGSE_11.HTM,ON,51.330000000000,140.000000000000,580.468800000000,ON,60,510.204,800,C,C,C,C
172,OFF_12_20190523_144642,085, HEGSE_11.HTM,OFF,0.973000000000,0.000000000000,-35.304700000000,OFF,7.8,0.99,-100,C,C,C,C
173,ON_1_20181207_032720,049, HEGSE_72.HTM,ON,52.670000000000,70.000000000000,607.578200000000,ON,60,510.204,800,C,C,C,C
174,OFF_2_20181207_032849,049, HEGSE_72.HTM,OFF,1.130000000000,-60.000000000000,-89.867200000000,OFF,7.8,1.02,-100,C,C,C,C
175,ON_3_20181207_033030,049, HEGSE_72.HTM,ON,75.280000000000,68.300000000000,589.953200000000,ON,60,495.049,800,C,NC,C,C
176,OFF_4_20181207_033159,049, HEGSE_72.HTM,OFF,1.126000000000,-60.000000000000,-87.789100000000,OFF,7.8,0.99,-100,C,C,C,C
177,ON_1_20181105_175914,082, HEGSE_11.HTM,ON,56.650000000000,148.600000000000,401.312500000000,ON,60,510.204,800,C,C,C,C
178,OFF_2_20181105_180026,082, HEGSE_11.HTM,OFF,4.688000000000,30.000000000000,-49.054700000000,OFF,10,1.02,-100,C,C,NC,C
179,ON_3_20181105_180138,082, HEGSE_11.HTM,ON,56.510000000000,149.000000000000,401.312500000000,ON,60,510.204,800,C,C,C,C
180,OFF_4_20181105_180250,082, HEGSE_11.HTM,OFF,4.470000000000,30.000000000000,-49.687500000000,OFF,10,1.02,-100,C,C,NC,C
181,ON_5_20181105_180402,082, HEGSE_11.HTM,ON,56.390000000000,149.300000000000,401.312500000000,ON,60,510.204,800,C,C,C,C
182,OFF_6_20181105_180514,082, HEGSE_11.HTM,OFF,4.339000000000,30.000000000000,-48.226600000000,OFF,10,1.02,-100,C,C,NC,C
183,ON_7_20181105_180641,082, HEGSE_11.HTM,ON,37.010000000000,141.900000000000,401.312500000000,ON,60,510.204,800,C,C,C,C
184,OFF_8_20181105_180753,082, HEGSE_11.HTM,OFF,4.602000000000,30.000000000000,-48.000000000000,OFF,10,0.99,-100,C,C,NC,C
185,ON_9_20181105_180905,082, HEGSE_11.HTM,ON,36.890000000000,140.500000000000,401.312500000000,ON,60,510.204,800,C,C,C,C
186,OFF_10_20181105_181017,082, HEGSE_11.HTM,OFF,4.421000000000,30.000000000000,-47.406300000000,OFF,10,0.99,-100,C,C,NC,C
187,ON_11_20181105_181129,082, HEGSE_11.HTM,ON,36.780000000000,141.900000000000,401.312500000000,ON,60,510.204,800,C,C,C,C
188,OFF_12_20181105_181241,082, HEGSE_11.HTM,OFF,4.312000000000,30.000000000000,-48.648400000000,OFF,10,0.99,-100,C,C,NC,C
189,ON_1_20181110_104128,076, HEGSE_11.HTM,ON,36.860000000000,188.900000000000,401.312500000000,ON,60,510.204,800,C,C,C,C
190,OFF_2_20181110_104247,076, HEGSE_11.HTM,OFF,4.638000000000,70.000000000000,-5.851600000000,OFF,10,1.02,-100,C,C,NC,C
191,ON_3_20181110_104406,076, HEGSE_11.HTM,ON,36.720000000000,188.300000000000,401.312500000000,ON,60,510.204,800,C,C,C,C
192,OFF_4_20181110_104525,076, HEGSE_11.HTM,OFF,4.435000000000,70.000000000000,-5.164100000000,OFF,10,1.02,-100,C,C,NC,C
193,ON_5_20181110_104644,076, HEGSE_11.HTM,ON,36.620000000000,188.200000000000,401.312500000000,ON,60,510.204,800,C,C,C,C
194,OFF_6_20181110_104803,076, HEGSE_11.HTM,OFF,4.348000000000,70.000000000000,-7.375000000000,OFF,10,1.02,-100,C,C,NC,C
195,ON_7_20181110_104935,076, HEGSE_11.HTM,ON,36.920000000000,181.000000000000,401.312500000000,ON,60,510.204,800,C,C,C,C
196,OFF_8_20181110_105052,076, HEGSE_11.HTM,OFF,4.579000000000,70.000000000000,-5.867200000000,OFF,10,0.99,-100,C,C,NC,C
197,ON_9_20181110_105209,076, HEGSE_11.HTM,ON,36.790000000000,181.200000000000,401.312500000000,ON,60,510.204,800,C,C,C,C
198,OFF_10_20181110_105325,076, HEGSE_11.HTM,OFF,6.804000000000,70.000000000000,-5.203100000000,OFF,10,0.99,-100,C,C,NC,C
199,ON_11_20181110_105442,076, HEGSE_11.HTM,ON,36.720000000000,181.700000000000,401.312500000000,ON,60,510.204,800,C,C,C,C
200,OFF_12_20181110_105559,076, HEGSE_11.HTM,OFF,5.626000000000,70.000000000000,-5.875000000000,OFF,10,0.99,-100,C,C,NC,C
201,ON_1_20181123_204451,040, HEGSE_11.HTM,ON,66.720000000000,130.000000000000,581.921900000000,ON,60,510.204,800,C,NC,C,C
202,OFF_2_20181123_204611,040, HEGSE_11.HTM,OFF,1.407000000000,-10.000000000000,-49.335900000000,OFF,7.8,1.02,-100,C,C,C,C
203,ON_3_20181123_204732,040, HEGSE_11.HTM,ON,66.540000000000,130.000000000000,585.796900000000,ON,60,510.204,800,C,NC,C,C
204,OFF_4_20181123_204853,040, HEGSE_11.HTM,OFF,4.138000000000,-10.000000000000,-49.804700000000,OFF,7.8,1.02,-100,C,C,C,C
205,ON_5_20181123_205013,040, HEGSE_11.HTM,ON,66.450000000000,130.000000000000,584.156300000000,ON,60,510.204,800,C,NC,C,C
206,OFF_6_20181123_205134,040, HEGSE_11.HTM,OFF,7.680000000000,-10.000000000000,-50.335900000000,OFF,7.8,1.02,-100,C,C,C,C
207,ON_7_20181123_205314,040, HEGSE_11.HTM,ON,46.600000000000,122.800000000000,566.765700000000,ON,60,510.204,800,C,C,C,C
208,OFF_8_20181123_205434,040, HEGSE_11.HTM,OFF,7.944000000000,-10.100000000000,-49.140600000000,OFF,7.8,0.99,-100,C,NC,C,C
209,ON_9_20181123_205555,040, HEGSE_11.HTM,ON,47.460000000000,120.300000000000,565.875000000000,ON,60,510.204,800,C,C,C,C
210,OFF_10_20181123_205716,040, HEGSE_11.HTM,OFF,8.000000000000,-11.900000000000,-51.406300000000,OFF,7.8,0.99,-100,C,NC,C,C
211,ON_11_20181123_205837,040, HEGSE_11.HTM,ON,52.320000000000,120.300000000000,566.656300000000,ON,60,510.204,800,C,C,C,C
212,OFF_12_20181123_205957,040, HEGSE_11.HTM,OFF,7.985000000000,-11.300000000000,-51.101600000000,OFF,7.8,0.99,-100,C,NC,C,C
213,ON_1_20181102_125535,078, HEGSE_11.HTM,ON,37.060000000000,160.700000000000,401.312500000000,ON,60,510.204,800,C,C,C,C
214,OFF_2_20181102_125650,078, HEGSE_11.HTM,OFF,4.807000000000,50.000000000000,-31.335900000000,OFF,10,1.02,-100,C,C,NC,C
215,ON_3_20181102_125807,078, HEGSE_11.HTM,ON,36.900000000000,160.100000000000,401.312500000000,ON,60,510.204,800,C,C,C,C
216,OFF_4_20181102_125924,078, HEGSE_11.HTM,OFF,4.819000000000,50.000000000000,-32.132800000000,OFF,10,1.02,-100,C,C,NC,C
217,ON_5_20181102_130040,078, HEGSE_11.HTM,ON,36.860000000000,160.200000000000,401.312500000000,ON,60,510.204,800,C,C,C,C
218,OFF_6_20181102_130154,078, HEGSE_11.HTM,OFF,4.627000000000,50.000000000000,-31.875000000000,OFF,10,1.02,-100,C,C,NC,C
219,ON_7_20181102_130326,078, HEGSE_11.HTM,ON,37.120000000000,159.500000000000,401.312500000000,ON,60,510.204,800,C,C,C,C
220,OFF_8_20181102_130442,078, HEGSE_11.HTM,OFF,7.838000000000,50.000000000000,-30.953100000000,OFF,10,0.99,-100,C,C,NC,C
221,ON_9_20181102_130557,078, HEGSE_11.HTM,ON,36.930000000000,159.600000000000,401.312500000000,ON,60,510.204,800,C,C,C,C
222,OFF_10_20181102_130713,078, HEGSE_11.HTM,OFF,6.327000000000,50.000000000000,-31.203100000000,OFF,10,0.99,-100,C,C,NC,C
223,ON_11_20181102_130828,078, HEGSE_11.HTM,ON,36.760000000000,159.900000000000,401.312500000000,ON,60,510.204,800,C,C,C,C
224,OFF_12_20181102_130945,078, HEGSE_11.HTM,OFF,7.952000000000,49.900000000000,-32.437500000000,OFF,10,0.99,-100,C,C,NC,C
225,ON_1_20181207_095838,047, HEGSE_72.HTM,ON,52.510000000000,60.100000000000,602.437500000000,ON,60,510.204,800,C,C,C,C
226,OFF_2_20181207_100009,047, HEGSE_72.HTM,OFF,1.121000000000,-69.300000000000,-95.585900000000,OFF,7.8,1.02,-100,C,C,C,C
227,ON_3_20181207_100153,047, HEGSE_72.HTM,ON,52.070000000000,60.000000000000,586.109400000000,ON,60,495.049,800,C,C,C,C
228,OFF_4_20181207_100325,047, HEGSE_72.HTM,OFF,1.132000000000,-68.000000000000,-95.125000000000,OFF,7.8,0.99,-100,C,C,C,C
229,ON_1_20181122_202029,065, HEGSE_72.HTM,ON,47.280000000000,143.200000000000,401.312500000000,ON,60,510.204,800,C,C,C,C
230,OFF_2_20181122_202158,065, HEGSE_72.HTM,OFF,1.387000000000,0.000000000000,-31.664100000000,OFF,7.8,1.02,-100,C,C,C,C
231,ON_3_20181122_202341,065, HEGSE_72.HTM,ON,66.270000000000,140.000000000000,401.312500000000,ON,60,495.049,800,C,NC,C,C
232,OFF_4_20181122_202510,065, HEGSE_72.HTM,OFF,1.391000000000,0.000000000000,-31.445300000000,OFF,7.8,0.99,-100,C,C,C,C
233,ON_1_20181207_104648,091, HEGSE_72.HTM,ON,52.330000000000,170.400000000000,627.656300000000,ON,60,510.204,800,C,C,C,C
234,OFF_2_20181207_104815,091, HEGSE_72.HTM,OFF,7.996000000000,41.300000000000,14.484400000000,OFF,7.8,1.02,-100,C,NC,NC,C
235,ON_3_20181207_104956,091, HEGSE_72.HTM,ON,52.010000000000,170.000000000000,612.812500000000,ON,60,495.049,800,C,C,C,C
236,OFF_4_20181207_105123,091, HEGSE_72.HTM,OFF,7.983000000000,41.100000000000,14.039100000000,OFF,7.8,0.99,-100,C,NC,NC,C
237,ON_1_20181126_124327,062, HEGSE_72.HTM,ON,89.540000000000,10.400000000000,469.125000000000,ON,60,510.204,800,C,NC,C,C
238,OFF_2_20181126_124457,062, HEGSE_72.HTM,OFF,1.166000000000,-110.000000000000,-151.164100000000,OFF,7.8,1.02,-100,C,C,C,NC
239,ON_3_20181126_124640,062, HEGSE_72.HTM,ON,52.130000000000,113.400000000000,633.171900000000,ON,60,495.049,800,C,C,C,C
240,OFF_4_20181126_124810,062, HEGSE_72.HTM,OFF,1.226000000000,-10.000000000000,-44.726600000000,OFF,7.8,0.99,-100,C,C,C,C
241,ON_1_20181205_081154,054, HEGSE_72.HTM,ON,-9.060000000000,-49.800000000000,-44.265600000000,ON,60,510.204,800,C,C,C,C
242,OFF_2_20181205_081322,054, HEGSE_72.HTM,OFF,-1.906000000000,-50.000000000000,-54.085900000000,OFF,7.8,1.02,-100,C,C,C,C
243,ON_3_20181205_081502,054, HEGSE_72.HTM,ON,-9.060000000000,-50.000000000000,-45.031300000000,ON,60,495.049,800,C,C,C,C
244,OFF_4_20181205_081630,054, HEGSE_72.HTM,OFF,-1.906000000000,-50.000000000000,-53.304700000000,OFF,7.8,0.99,-100,C,C,C,C
245,ON_1_20181205_081913,053, HEGSE_72.HTM,ON,-9.060000000000,-200.000000000000,-202.640600000000,ON,60,510.204,800,C,C,C,C
246,OFF_2_20181205_082043,053, HEGSE_72.HTM,OFF,-1.906000000000,-250.000000000000,-251.929700000000,OFF,7.8,1.02,-100,C,C,C,NC
247,ON_3_20181205_082227,053, HEGSE_72.HTM,ON,-9.060000000000,-200.000000000000,-202.640600000000,ON,60,495.049,800,C,C,C,C
248,OFF_4_20181205_082358,053, HEGSE_72.HTM,OFF,-1.906000000000,-250.000000000000,-251.929700000000,OFF,7.8,0.99,-100,C,C,C,NC
249,ON_1_20181112_201756,098, HEGSE_72.HTM,ON,56.490000000000,160.000000000000,401.312500000000,ON,60,510.204,800,C,C,C,C
250,OFF_2_20181112_201917,098, HEGSE_72.HTM,OFF,8.000000000000,49.300000000000,-34.328100000000,OFF,10,1.02,-100,C,C,NC,C
251,ON_3_20181112_202051,098, HEGSE_72.HTM,ON,36.690000000000,157.100000000000,401.312500000000,ON,60,495.049,800,C,C,C,C
252,OFF_4_20181112_202213,098, HEGSE_72.HTM,OFF,7.986000000000,46.800000000000,-32.585900000000,OFF,10,0.99,-100,C,C,NC,C
253,ON_1_20181125_160448,038, HEGSE_11.HTM,ON,52.530000000000,120.200000000000,658.328200000000,ON,60,510.204,800,C,C,C,C
254,OFF_2_20181125_160610,038, HEGSE_11.HTM,OFF,7.566000000000,-10.000000000000,-38.851600000000,OFF,7.8,1.02,-100,C,C,C,C
255,ON_3_20181125_160732,038, HEGSE_11.HTM,ON,52.270000000000,120.000000000000,654.406300000000,ON,60,510.204,800,C,C,C,C
256,OFF_4_20181125_160855,038, HEGSE_11.HTM,OFF,1.284000000000,-10.000000000000,-41.906300000000,OFF,7.8,1.02,-100,C,C,C,C
257,ON_5_20181125_161017,038, HEGSE_11.HTM,ON,52.410000000000,120.000000000000,652.015700000000,ON,60,510.204,800,C,C,C,C
258,OFF_6_20181125_161140,038, HEGSE_11.HTM,OFF,3.232000000000,-10.000000000000,-45.578100000000,OFF,7.8,1.02,-100,C,C,C,C
259,ON_7_20181125_161322,038, HEGSE_11.HTM,ON,52.140000000000,110.000000000000,632.406300000000,ON,60,510.204,800,C,C,C,C
260,OFF_8_20181125_161445,038, HEGSE_11.HTM,OFF,7.346000000000,-10.000000000000,-44.281300000000,OFF,7.8,0.99,-100,C,C,C,C
261,ON_9_20181125_161608,038, HEGSE_11.HTM,ON,51.970000000000,110.000000000000,632.843800000000,ON,60,510.204,800,C,C,C,C
262,OFF_10_20181125_161731,038, HEGSE_11.HTM,OFF,8.000000000000,-12.100000000000,-46.679700000000,OFF,7.8,0.99,-100,C,NC,C,C
263,ON_11_20181125_161854,038, HEGSE_11.HTM,ON,52.420000000000,110.000000000000,631.312500000000,ON,60,510.204,800,C,C,C,C
264,OFF_12_20181125_162016,038, HEGSE_11.HTM,OFF,7.999000000000,-18.500000000000,-46.718800000000,OFF,7.8,0.99,-100,C,NC,C,C
265,ON_1_20181214_080050,007, HEGSE_11.HTM,ON,52.080000000000,120.000000000000,554.000000000000,ON,60,510.204,800,C,C,C,C
266,OFF_2_20181214_080211,007, HEGSE_11.HTM,OFF,1.328000000000,0.000000000000,-29.101600000000,OFF,7.8,1.02,-100,C,C,C,C
267,ON_3_20181214_080333,007, HEGSE_11.HTM,ON,51.850000000000,120.000000000000,556.484400000000,ON,60,510.204,800,C,C,C,C
268,OFF_4_20181214_080455,007, HEGSE_11.HTM,OFF,1.344000000000,0.000000000000,-29.625000000000,OFF,7.8,1.02,-100,C,C,C,C
269,ON_5_20181214_080616,007, HEGSE_11.HTM,ON,52.530000000000,120.000000000000,557.484400000000,ON,60,510.204,800,C,C,C,C
270,OFF_6_20181214_080738,007, HEGSE_11.HTM,OFF,1.047000000000,0.000000000000,-27.515600000000,OFF,7.8,1.02,-100,C,C,C,C
271,ON_7_20181214_080919,007, HEGSE_11.HTM,ON,51.690000000000,120.000000000000,539.765700000000,ON,60,510.204,800,C,C,C,C
272,OFF_8_20181214_081040,007, HEGSE_11.HTM,OFF,1.328000000000,0.100000000000,-27.632800000000,OFF,7.8,0.99,-100,C,C,C,C
273,ON_9_20181214_081202,007, HEGSE_11.HTM,ON,51.490000000000,120.000000000000,538.953200000000,ON,60,510.204,800,C,C,C,C
274,OFF_10_20181214_081324,007, HEGSE_11.HTM,OFF,1.152000000000,0.000000000000,-26.421900000000,OFF,7.8,0.99,-100,C,C,C,C
275,ON_11_20181214_081445,007, HEGSE_11.HTM,ON,52.330000000000,120.000000000000,541.406300000000,ON,60,510.204,800,C,C,C,C
276,OFF_12_20181214_081607,007, HEGSE_11.HTM,OFF,1.031000000000,0.000000000000,-27.289100000000,OFF,7.8,0.99,-100,C,C,C,C
277,ON_1_20181125_165657,036, HEGSE_11.HTM,ON,51.000000000000,110.600000000000,561.140700000000,ON,60,510.204,800,C,C,C,C
278,OFF_2_20181125_165820,036, HEGSE_11.HTM,OFF,7.993000000000,-16.300000000000,-47.007800000000,OFF,7.8,1.02,-100,C,NC,C,C
279,ON_3_20181125_165943,036, HEGSE_11.HTM,ON,52.020000000000,115.700000000000,653.312500000000,ON,60,510.204,800,C,C,C,C
280,OFF_4_20181125_170107,036, HEGSE_11.HTM,OFF,7.978000000000,-11.000000000000,-46.125000000000,OFF,7.8,1.02,-100,C,NC,C,C
281,ON_5_20181125_170230,036, HEGSE_11.HTM,ON,52.390000000000,,,ON,60,,,C,C,,
282,ON_1_20181214_080050,031, HEGSE_11.HTM,ON,52.080000000000,120.000000000000,554.000000000000,ON,60,510.204,800,C,C,C,C
283,OFF_2_20181214_080211,031, HEGSE_11.HTM,OFF,6.798000000000,-10.000000000000,-39.101600000000,OFF,7.8,1.02,-100,C,C,C,C
284,ON_3_20181214_080333,031, HEGSE_11.HTM,ON,51.850000000000,120.000000000000,556.484400000000,ON,60,510.204,800,C,C,C,C
285,OFF_4_20181214_080455,031, HEGSE_11.HTM,OFF,1.344000000000,-10.000000000000,-39.625000000000,OFF,7.8,1.02,-100,C,C,C,C
286,ON_5_20181214_080616,031, HEGSE_11.HTM,ON,52.530000000000,120.000000000000,557.484400000000,ON,60,510.204,800,C,C,C,C
287,OFF_6_20181214_080738,031, HEGSE_11.HTM,OFF,7.997000000000,-8.900000000000,-37.515600000000,OFF,7.8,1.02,-100,C,NC,C,C
288,ON_7_20181214_080919,031, HEGSE_11.HTM,ON,51.690000000000,120.000000000000,539.765700000000,ON,60,510.204,800,C,C,C,C
289,OFF_8_20181214_081040,031, HEGSE_11.HTM,OFF,7.915000000000,-9.300000000000,-37.632800000000,OFF,7.8,0.99,-100,C,NC,C,C
290,ON_9_20181214_081202,031, HEGSE_11.HTM,ON,51.490000000000,120.000000000000,538.953200000000,ON,60,510.204,800,C,C,C,C
291,OFF_10_20181214_081324,031, HEGSE_11.HTM,OFF,7.939000000000,-9.500000000000,-36.421900000000,OFF,7.8,0.99,-100,C,NC,C,C
292,ON_11_20181214_081445,031, HEGSE_11.HTM,ON,52.330000000000,120.000000000000,541.406300000000,ON,60,510.204,800,C,C,C,C
293,OFF_12_20181214_081607,031, HEGSE_11.HTM,OFF,8.000000000000,-8.400000000000,-37.289100000000,OFF,7.8,0.99,-100,C,NC,C,C
294,ON_1_20181205_084136,052, HEGSE_72.HTM,ON,49.360000000000,70.000000000000,472.968800000000,ON,60,510.204,800,C,C,C,C
295,OFF_2_20181205_084307,052, HEGSE_72.HTM,OFF,1.235000000000,-52.500000000000,-86.671900000000,OFF,7.8,1.02,-100,C,C,C,C
296,ON_3_20181205_084451,052, HEGSE_72.HTM,ON,49.170000000000,70.000000000000,456.656300000000,ON,60,495.049,800,C,C,C,C
297,OFF_4_20181205_084622,052, HEGSE_72.HTM,OFF,1.236000000000,-56.900000000000,-88.132800000000,OFF,7.8,0.99,-100,C,C,C,C
298,ON_1_20181112_102311,099, HEGSE_72.HTM,ON,36.830000000000,162.000000000000,401.312500000000,ON,60,510.204,800,C,C,C,C
299,OFF_2_20181112_102435,099, HEGSE_72.HTM,OFF,4.594000000000,50.000000000000,-30.671900000000,OFF,10,1.02,-100,C,C,NC,C
300,ON_3_20181112_102608,099, HEGSE_72.HTM,ON,36.650000000000,160.100000000000,401.312500000000,ON,60,495.049,800,C,C,C,C
301,OFF_4_20181112_102731,099, HEGSE_72.HTM,OFF,4.499000000000,50.000000000000,-27.578100000000,OFF,10,0.99,-100,C,C,NC,C
302,ON_1_20181204_175538,055, HEGSE_72.HTM,ON,48.600000000000,69.600000000000,730.484400000000,ON,60,510.204,800,C,C,C,C
303,OFF_2_20181204_175708,055, HEGSE_72.HTM,OFF,1.199000000000,-60.000000000000,-91.164100000000,OFF,7.8,1.02,-100,C,C,C,C
304,ON_3_20181204_175852,055, HEGSE_72.HTM,ON,48.440000000000,60.500000000000,708.609400000000,ON,60,495.049,800,C,C,C,C
305,OFF_4_20181204_180023,055, HEGSE_72.HTM,OFF,1.197000000000,-60.000000000000,-92.882800000000,OFF,7.8,0.99,-100,C,C,C,C
306,ON_1_20181126_114347,063, HEGSE_72.HTM,ON,53.790000000000,-63.100000000000,394.625000000000,ON,60,510.204,800,C,C,C,C
307,OFF_2_20181126_114516,063, HEGSE_72.HTM,OFF,1.132000000000,-180.000000000000,-219.984400000000,OFF,7.8,1.02,-100,C,C,C,NC
308,ON_3_20181126_114659,063, HEGSE_72.HTM,ON,52.130000000000,-130.000000000000,310.109400000000,ON,60,495.049,800,C,C,C,C
309,OFF_4_20181126_114829,063, HEGSE_72.HTM,OFF,1.011000000000,-250.000000000000,-251.929700000000,OFF,7.8,0.99,-100,C,C,C,NC
310,ON_1_20181125_175944,064, HEGSE_72.HTM,ON,51.080000000000,110.000000000000,646.343800000000,ON,60,510.204,800,C,C,C,C
311,OFF_2_20181125_180113,064, HEGSE_72.HTM,OFF,1.292000000000,-20.000000000000,-53.171900000000,OFF,7.8,1.02,-100,C,C,C,C
312,ON_3_20181125_180255,064, HEGSE_72.HTM,ON,50.750000000000,110.000000000000,627.312500000000,ON,60,495.049,800,C,C,C,C
313,OFF_4_20181125_180425,064, HEGSE_72.HTM,OFF,1.295000000000,-20.000000000000,-51.617200000000,OFF,7.8,0.99,-100,C,C,C,C
314,ON_1_20190408_141145,030, HEGSE_11.HTM,ON,90.000000000000,-2560.000000000000,0.000000000000,ON,60,510.204,800,C,NC,C,C
315,OFF_2_20190408_141328,030, HEGSE_11.HTM,OFF,8.000000000000,-2560.000000000000,0.000000000000,OFF,7.8,1.02,-100,C,NC,C,C
316,ON_3_20190408_141510,030, HEGSE_11.HTM,ON,90.000000000000,-2560.000000000000,0.000000000000,ON,60,510.204,800,C,NC,C,C
317,OFF_4_20190408_141651,030, HEGSE_11.HTM,OFF,8.000000000000,-2560.000000000000,0.000000000000,OFF,7.8,1.02,-100,C,NC,C,C
318,ON_5_20190408_141833,030, HEGSE_11.HTM,ON,90.000000000000,-2560.000000000000,0.000000000000,ON,60,510.204,800,C,NC,C,C
319,OFF_6_20190408_142015,030, HEGSE_11.HTM,OFF,8.000000000000,-2560.000000000000,0.000000000000,OFF,7.8,1.02,-100,C,NC,C,C
320,ON_7_20190408_142219,030, HEGSE_11.HTM,ON,90.000000000000,-2560.000000000000,0.000000000000,ON,60,510.204,800,C,NC,C,C
321,OFF_8_20190408_142401,030, HEGSE_11.HTM,OFF,8.000000000000,-2560.000000000000,0.000000000000,OFF,7.8,0.99,-100,C,NC,C,C
322,ON_9_20190408_142542,030, HEGSE_11.HTM,ON,90.000000000000,-2560.000000000000,6.203100000000,ON,60,510.204,800,C,NC,C,C
323,OFF_10_20190408_142724,030, HEGSE_11.HTM,OFF,,,,OFF,,,,C,,,
324,ON_1_20181129_201422,008, HEGSE_11.HTM,ON,53.330000000000,123.300000000000,668.171900000000,ON,60,510.204,800,C,C,C,C
325,OFF_2_20181129_201546,008, HEGSE_11.HTM,OFF,1.320000000000,0.000000000000,-35.187500000000,OFF,7.8,1.02,-100,C,C,C,C
326,ON_3_20181129_201711,008, HEGSE_11.HTM,ON,52.910000000000,126.900000000000,669.140700000000,ON,60,510.204,800,C,C,C,C
327,OFF_4_20181129_201835,008, HEGSE_11.HTM,OFF,1.150000000000,0.000000000000,-33.398400000000,OFF,7.8,1.02,-100,C,C,C,C
328,ON_5_20181129_201959,008, HEGSE_11.HTM,ON,53.125000000000,129.800000000000,732.078200000000,ON,60,510.204,800,C,C,C,C
329,OFF_6_20181129_202123,008, HEGSE_11.HTM,OFF,1.045000000000,0.000000000000,-33.882800000000,OFF,7.8,1.02,-100,C,C,C,C
330,ON_7_20181129_202306,008, HEGSE_11.HTM,ON,52.290000000000,120.900000000000,652.828200000000,ON,60,510.204,800,C,C,C,C
331,OFF_8_20181129_202430,008, HEGSE_11.HTM,OFF,1.314000000000,0.000000000000,-30.953100000000,OFF,7.8,0.99,-100,C,C,C,C
332,ON_9_20181129_202554,008, HEGSE_11.HTM,ON,52.170000000000,122.400000000000,654.046900000000,ON,60,510.204,800,C,C,C,C
333,OFF_10_20181129_202718,008, HEGSE_11.HTM,OFF,1.143000000000,0.000000000000,-32.640600000000,OFF,7.8,0.99,-100,C,C,C,C
334,ON_11_20181129_202842,008, HEGSE_11.HTM,ON,52.430000000000,120.900000000000,710.000000000000,ON,60,510.204,800,C,C,C,C
335,OFF_12_20181129_203006,008, HEGSE_11.HTM,OFF,1.037000000000,0.000000000000,-31.507800000000,OFF,7.8,0.99,-100,C,C,C,C
336,ON_1_20181125_163651,037, HEGSE_11.HTM,ON,51.170000000000,120.000000000000,653.984400000000,ON,60,510.204,800,C,C,C,C
337,OFF_2_20181125_163815,037, HEGSE_11.HTM,OFF,1.490000000000,-10.000000000000,-40.914100000000,OFF,7.8,1.02,-100,C,C,C,C
338,ON_3_20181125_163938,037, HEGSE_11.HTM,ON,50.990000000000,120.000000000000,653.203200000000,ON,60,510.204,800,C,C,C,C
339,OFF_4_20181125_164101,037, HEGSE_11.HTM,OFF,1.271000000000,-10.000000000000,-41.781300000000,OFF,7.8,1.02,-100,C,C,C,C
340,ON_5_20181125_164224,037, HEGSE_11.HTM,ON,52.400000000000,120.000000000000,650.375000000000,ON,60,510.204,800,C,C,C,C
341,OFF_6_20181125_164347,037, HEGSE_11.HTM,OFF,1.084000000000,-10.000000000000,-44.750000000000,OFF,7.8,1.02,-100,C,C,C,C
342,ON_7_20181125_164530,037, HEGSE_11.HTM,ON,50.860000000000,110.000000000000,634.125000000000,ON,60,510.204,800,C,C,C,C
343,OFF_8_20181125_164652,037, HEGSE_11.HTM,OFF,7.991000000000,-10.800000000000,-45.992200000000,OFF,7.8,0.99,-100,C,NC,C,C
344,ON_9_20181125_164815,037, HEGSE_11.HTM,ON,50.710000000000,110.000000000000,631.171900000000,ON,60,510.204,800,C,C,C,C
345,OFF_10_20181125_164938,037, HEGSE_11.HTM,OFF,8.000000000000,-12.500000000000,-46.093800000000,OFF,7.8,0.99,-100,C,NC,C,C
346,ON_11_20181125_165102,037, HEGSE_11.HTM,ON,52.400000000000,110.000000000000,629.828200000000,ON,60,510.204,800,C,C,C,C
347,OFF_12_20181125_165225,037, HEGSE_11.HTM,OFF,7.968000000000,-19.700000000000,-47.484400000000,OFF,7.8,0.99,-100,C,NC,C,C
348,ON_1_20181125_125945,039, HEGSE_11.HTM,ON,85.810000000000,-10.000000000000,-11.406300000000,ON,60,510.204,800,C,NC,C,C
349,OFF_2_20181125_130105,039, HEGSE_11.HTM,OFF,6.701000000000,-20.000000000000,-20.539100000000,OFF,7.8,1.02,-100,C,C,C,C
350,ON_3_20181125_130225,039, HEGSE_11.HTM,ON,87.090000000000,-10.000000000000,-10.406300000000,ON,60,510.204,800,C,NC,C,C
351,OFF_4_20181125_130345,039, HEGSE_11.HTM,OFF,7.947000000000,-19.900000000000,-19.554700000000,OFF,7.8,1.02,-100,C,NC,C,C
352,ON_5_20181125_130506,039, HEGSE_11.HTM,ON,78.810000000000,-10.000000000000,-10.078100000000,ON,60,510.204,800,C,NC,C,C
353,OFF_6_20181125_130627,039, HEGSE_11.HTM,OFF,7.873000000000,-20.000000000000,-19.539100000000,OFF,7.8,1.02,-100,C,NC,C,C
354,ON_7_20181125_130806,039, HEGSE_11.HTM,ON,89.350000000000,-11.600000000000,-10.453100000000,ON,60,510.204,800,C,NC,C,C
355,OFF_8_20181125_130926,039, HEGSE_11.HTM,OFF,7.985000000000,-19.900000000000,-19.148400000000,OFF,7.8,0.99,-100,C,NC,C,C
356,ON_9_20181125_131047,039, HEGSE_11.HTM,ON,87.200000000000,-10.000000000000,-11.343800000000,ON,60,510.204,800,C,NC,C,C
357,OFF_10_20181125_131208,039, HEGSE_11.HTM,OFF,7.985000000000,-18.200000000000,-18.804700000000,OFF,7.8,0.99,-100,C,NC,C,C
358,ON_11_20181125_131328,039, HEGSE_11.HTM,ON,55.240000000000,-10.000000000000,-10.921900000000,ON,60,510.204,800,C,C,C,C
359,OFF_12_20181125_131448,039, HEGSE_11.HTM,OFF,7.999000000000,-19.700000000000,-20.500000000000,OFF,7.8,0.99,-100,C,NC,C,C
360,ON_1_20181125_160448,006, HEGSE_11.HTM,ON,52.530000000000,120.200000000000,658.328200000000,ON,60,510.204,800,C,C,C,C
361,OFF_2_20181125_160610,006, HEGSE_11.HTM,OFF,1.416000000000,0.000000000000,-28.851600000000,OFF,7.8,1.02,-100,C,C,C,C
362,ON_3_20181125_160732,006, HEGSE_11.HTM,ON,52.270000000000,120.000000000000,654.406300000000,ON,60,510.204,800,C,C,C,C
363,OFF_4_20181125_160855,006, HEGSE_11.HTM,OFF,1.284000000000,0.000000000000,-31.906300000000,OFF,7.8,1.02,-100,C,C,C,C
364,ON_5_20181125_161017,006, HEGSE_11.HTM,ON,52.410000000000,130.000000000000,662.015700000000,ON,60,510.204,800,C,C,C,C
365,OFF_6_20181125_161140,006, HEGSE_11.HTM,OFF,1.103200000000,0.000000000000,-35.578100000000,OFF,7.8,1.02,-100,C,C,C,C
366,ON_7_20181125_161322,006, HEGSE_11.HTM,ON,52.140000000000,120.000000000000,642.406300000000,ON,60,510.204,800,C,C,C,C
367,OFF_8_20181125_161445,006, HEGSE_11.HTM,OFF,1.291000000000,0.000000000000,-34.281300000000,OFF,7.8,0.99,-100,C,C,C,C
368,ON_9_20181125_161608,006, HEGSE_11.HTM,ON,51.970000000000,120.000000000000,642.843800000000,ON,60,510.204,800,C,C,C,C
369,OFF_10_20181125_161731,006, HEGSE_11.HTM,OFF,1.119000000000,0.000000000000,-36.679700000000,OFF,7.8,0.99,-100,C,C,C,C
370,ON_11_20181125_161854,006, HEGSE_11.HTM,ON,52.420000000000,120.000000000000,641.312500000000,ON,60,510.204,800,C,C,C,C
371,OFF_12_20181125_162016,006, HEGSE_11.HTM,OFF,1.103000000000,0.000000000000,-26.718800000000,OFF,7.8,0.99,-100,C,C,C,C
372,ON_1_20181110_122711,100, HEGSE_72.HTM,ON,36.780000000000,190.000000000000,401.312500000000,ON,60,510.204,800,C,C,C,C
373,OFF_2_20181110_122833,100, HEGSE_72.HTM,OFF,4.411000000000,75.800000000000,-5.242200000000,OFF,10,1.02,-100,C,C,NC,C
374,ON_3_20181110_123005,100, HEGSE_72.HTM,ON,36.830000000000,186.100000000000,401.312500000000,ON,60,495.049,800,C,C,C,C
375,OFF_4_20181110_123126,100, HEGSE_72.HTM,OFF,4.359000000000,77.900000000000,-4.773400000000,OFF,10,0.99,-100,C,C,NC,C
376,ON_1_20181030_133321,107, HEGSE_72.HTM,ON,0.401312500000,,0.002141400000,ON,800,,60,C,C,,C
377,OFF_2_20181030_133436,107, HEGSE_72.HTM,OFF,-0.035734400000,,0.000031200900,OFF,-100,,10,C,C,,C
378,ON_3_20181030_133602,107, HEGSE_72.HTM,ON,0.401312500000,,0.005290800000,ON,800,,60,C,C,,C
379,OFF_4_20181030_133717,107, HEGSE_72.HTM,OFF,-0.036382800000,,0.000029984200,OFF,-100,,10,C,C,,C
380,ON_1_20181030_192734,106, HEGSE_72.HTM,ON,0.160000000000,,,ON,510.204,,,C,C,,
381,OFF_2_20181030_192854,106, HEGSE_72.HTM,OFF,0.050000000000,,,OFF,-100,,,C,C,,
382,ON_3_20181030_193024,106, HEGSE_72.HTM,ON,0.160000000000,,,ON,495.049,,,C,C,,
383,OFF_4_20181030_193144,106, HEGSE_72.HTM,OFF,0.050000000000,,,OFF,-100,,,C,C,,
384,ON_1_20181110_095843,101, HEGSE_72.HTM,ON,36.670000000000,188.000000000000,401.312500000000,ON,60,510.204,800,C,C,C,C
385,OFF_2_20181110_100012,101, HEGSE_72.HTM,OFF,4.515000000000,70.000000000000,-7.859400000000,OFF,10,1.02,-100,C,C,NC,C
386,ON_3_20181110_100150,101, HEGSE_72.HTM,ON,36.710000000000,180.800000000000,401.312500000000,ON,60,495.049,800,C,C,C,C
387,OFF_4_20181110_100319,101, HEGSE_72.HTM,OFF,4.454000000000,70.000000000000,-6.281300000000,OFF,10,0.99,-100,C,C,NC,C
388,ON_1_20181030_132134,108, HEGSE_72.HTM,ON,0.401312500000,,0.002153900000,ON,60,,800,C,NC,,C
389,OFF_2_20181030_132251,108, HEGSE_72.HTM,OFF,-0.029859400000,,0.000032412400,OFF,10,,-100,C,C,,C
390,ON_3_20181030_132419,108, HEGSE_72.HTM,ON,0.401312500000,,0.002057300000,ON,60,,800,C,NC,,C
391,OFF_4_20181030_132536,108, HEGSE_72.HTM,OFF,-0.030796900000,,0.000031188200,OFF,10,,-100,C,C,,C
392,ON_1_20181206_142710,089, HEGSE_72.HTM,ON,55.220000000000,180.000000000000,687.234400000000,ON,60,510.204,800,C,C,C,C
393,OFF_2_20181206_143036,089, HEGSE_72.HTM,OFF,1.301000000000,50.000000000000,3.710900000000,OFF,7.8,1.02,-100,C,C,NC,C
394,ON_3_20181206_143215,089, HEGSE_72.HTM,ON,54.430000000000,187.300000000000,680.062500000000,ON,60,495.049,800,C,C,C,C
395,OFF_4_20181206_143342,089, HEGSE_72.HTM,OFF,1.128000000000,50.000000000000,18.906300000000,OFF,7.8,0.99,-100,C,C,NC,C
396,ON_1_20181122_173957,042, HEGSE_11.HTM,ON,90.000000000000,-100.000000000000,-37.437500000000,ON,60,510.204,800,C,NC,C,C
397,OFF_2_20181122_174119,042, HEGSE_11.HTM,OFF,8.000000000000,-20.000000000000,-58.617200000000,OFF,7.8,1.02,-100,C,NC,C,C
398,ON_3_20181122_174242,042, HEGSE_11.HTM,ON,66.860000000000,149.800000000000,401.312500000000,ON,60,510.204,800,C,NC,C,C
399,OFF_4_20181122_174405,042, HEGSE_11.HTM,OFF,8.000000000000,2.800000000000,-29.898400000000,OFF,7.8,1.02,-100,C,NC,NC,C
400,ON_5_20181122_174527,042, HEGSE_11.HTM,ON,66.720000000000,149.500000000000,401.312500000000,ON,60,510.204,800,C,NC,C,C
401,OFF_6_20181122_174650,042, HEGSE_11.HTM,OFF,8.000000000000,0.100000000000,-31.523400000000,OFF,7.8,1.02,-100,C,NC,C,C
402,ON_7_20181122_174832,042, HEGSE_11.HTM,ON,66.420000000000,140.000000000000,401.312500000000,ON,60,510.204,800,C,NC,C,C
403,OFF_8_20181122_174955,042, HEGSE_11.HTM,OFF,6.129000000000,0.000000000000,-28.695300000000,OFF,7.8,0.99,-100,C,C,C,C
404,ON_9_20181122_175118,042, HEGSE_11.HTM,ON,47.430000000000,140.000000000000,401.312500000000,ON,60,510.204,800,C,C,C,C
405,OFF_10_20181122_175240,042, HEGSE_11.HTM,OFF,8.000000000000,0.700000000000,-29.046900000000,OFF,7.8,0.99,-100,C,NC,C,C
406,ON_11_20181122_175403,042, HEGSE_11.HTM,ON,52.320000000000,140.000000000000,401.312500000000,ON,60,510.204,800,C,C,C,C
407,OFF_12_20181122_175526,042, HEGSE_11.HTM,OFF,8.000000000000,0.300000000000,-29.679700000000,OFF,7.8,0.99,-100,C,NC,C,C
408,ON_1_20181214_114806,045, HEGSE_72.HTM,ON,50.660000000000,139.700000000000,674.609400000000,ON,60,510.204,800,C,C,C,C
409,OFF_2_20181214_114934,045, HEGSE_72.HTM,OFF,1.178000000000,10.000000000000,-22.398400000000,OFF,7.8,1.02,-100,C,C,NC,C
410,ON_3_20181214_115115,045, HEGSE_72.HTM,ON,50.370000000000,135.100000000000,659.078200000000,ON,60,495.049,800,C,C,C,C
411,OFF_4_20181214_115243,045, HEGSE_72.HTM,OFF,1.190000000000,10.000000000000,-20.125000000000,OFF,7.8,0.99,-100,C,C,NC,C
412,ON_1_20190524_141427,087, HEGSE_72.HTM,ON,46.170000000000,145.000000000000,590.406300000000,ON,60,510.204,800,C,C,C,
413,ON_1_20181113_211614,074, HEGSE_11.HTM,ON,36.920000000000,160.000000000000,401.312500000000,ON,60,510.204,800,C,C,C,C
414,OFF_2_20181113_211731,074, HEGSE_11.HTM,OFF,7.924000000000,49.700000000000,-32.554700000000,OFF,10,1.02,-100,C,C,NC,C
415,ON_3_20181113_211849,074, HEGSE_11.HTM,ON,56.540000000000,160.000000000000,401.312500000000,ON,60,510.204,800,C,C,C,C
416,OFF_4_20181113_212007,074, HEGSE_11.HTM,OFF,7.870000000000,50.000000000000,-33.109400000000,OFF,10,1.02,-100,C,C,NC,C
417,ON_5_20181113_212125,074, HEGSE_11.HTM,ON,56.420000000000,160.000000000000,401.312500000000,ON,60,510.204,800,C,C,C,C
418,OFF_6_20181113_212243,074, HEGSE_11.HTM,OFF,7.987000000000,48.400000000000,-32.351600000000,OFF,10,1.02,-100,C,C,NC,C
419,ON_7_20181113_212420,074, HEGSE_11.HTM,ON,37.050000000000,158.800000000000,401.312500000000,ON,60,510.204,800,C,C,C,C
420,OFF_8_20181113_212537,074, HEGSE_11.HTM,OFF,7.141000000000,50.000000000000,-31.648400000000,OFF,10,0.99,-100,C,C,NC,C
421,ON_9_20181113_212655,074, HEGSE_11.HTM,ON,36.850000000000,159.400000000000,401.312500000000,ON,60,510.204,800,C,C,C,C
422,OFF_10_20181113_212813,074, HEGSE_11.HTM,OFF,7.415000000000,50.000000000000,-31.296900000000,OFF,10,0.99,-100,C,C,NC,C
423,ON_11_20181113_212931,074, HEGSE_11.HTM,ON,36.780000000000,159.300000000000,401.312500000000,ON,60,510.204,800,C,C,C,C
424,OFF_12_20181113_213049,074, HEGSE_11.HTM,OFF,6.776000000000,50.000000000000,-32.335900000000,OFF,10,0.99,-100,C,C,NC,C
425,ON_1_20181031_175744,080, HEGSE_11.HTM,ON,89.990000000000,140.000000000000,405.992200000000,ON,60,510.204,800,C,NC,C,C
426,OFF_2_20181031_175901,080, HEGSE_11.HTM,OFF,7.997000000000,30.000000000000,-54.000000000000,OFF,10,510.204,-100,C,C,C,C
427,ON_3_20181031_180017,080, HEGSE_11.HTM,ON,89.910000000000,150.000000000000,405.992200000000,ON,60,510.204,800,C,NC,C,C
428,OFF_4_20181031_180134,080, HEGSE_11.HTM,OFF,7.991000000000,30.000000000000,-52.000000000000,OFF,10,510.204,-100,C,C,C,C
429,ON_5_20181031_180249,080, HEGSE_11.HTM,ON,89.780000000000,150.000000000000,405.992200000000,ON,60,510.204,800,C,NC,C,C
430,OFF_6_20181031_181010,080, HEGSE_11.HTM,OFF,7.990000000000,30.000000000000,-66.000000000000,OFF,10,510.204,-100,C,C,C,C
431,ON_7_20181031_181141,080, HEGSE_11.HTM,ON,89.950000000000,140.000000000000,405.992200000000,ON,60,510.204,800,C,NC,C,C
432,OFF_8_20181031_181515,080, HEGSE_11.HTM,OFF,7.999000000000,40.000000000000,-64.000000000000,OFF,10,510.204,-100,C,C,C,C
433,ON_9_20181031_181631,080, HEGSE_11.HTM,ON,89.980000000000,150.000000000000,405.992200000000,ON,60,510.204,800,C,NC,C,C
434,OFF_10_20181031_181748,080, HEGSE_11.HTM,OFF,7.999000000000,30.000000000000,-50.000000000000,OFF,10,510.204,-100,C,C,C,C
435,ON_11_20181031_181905,080, HEGSE_11.HTM,ON,89.980000000000,140.000000000000,405.992200000000,ON,60,510.204,800,C,NC,C,C
436,OFF_12_20181031_182023,080, HEGSE_11.HTM,OFF,7.993000000000,40.000000000000,-50.000000000000,OFF,10,510.204,-100,C,C,C,C
437,ON_1_20181214_114806,020, HEGSE_72.HTM,ON,50.660000000000,139.700000000000,674.609400000000,ON,60,510.204,800,C,C,C,C
438,OFF_2_20181214_114934,020, HEGSE_72.HTM,OFF,1.178000000000,0.000000000000,-32.398400000000,OFF,7.8,1.02,-100,C,C,C,C
439,ON_3_20181214_115115,020, HEGSE_72.HTM,ON,50.370000000000,135.100000000000,659.078200000000,ON,60,495.049,800,C,C,C,C
440,OFF_4_20181214_115243,020, HEGSE_72.HTM,OFF,1.190000000000,0.000000000000,-30.125000000000,OFF,7.8,0.99,-100,C,C,C,C
441,ON_1_20190425_141841,027, HEGSE_11.HTM,ON,49.340000000000,155.000000000000,648.031300000000,ON,60,510.204,800,C,C,C,C
442,OFF_2_20190425_142024,027, HEGSE_11.HTM,OFF,1.263000000000,0.000000000000,-37.539100000000,OFF,7.8,1.02,-100,C,C,C,C
443,ON_3_20190425_142208,027, HEGSE_11.HTM,ON,49.130000000000,150.000000000000,649.203200000000,ON,60,510.204,800,C,C,C,C
444,OFF_4_20190425_142351,027, HEGSE_11.HTM,OFF,1.233000000000,-10.000000000000,-44.445300000000,OFF,7.8,1.02,-100,C,C,C,C
445,ON_5_20190425_142534,027, HEGSE_11.HTM,ON,51.420000000000,140.000000000000,639.828200000000,ON,60,510.204,800,C,C,C,C
446,OFF_6_20190425_142717,027, HEGSE_11.HTM,OFF,7.689000000000,-20.000000000000,-53.195300000000,OFF,7.8,1.02,-100,C,C,C,C
447,ON_7_20190425_142923,027, HEGSE_11.HTM,ON,49.090000000000,130.000000000000,612.796900000000,ON,60,510.204,800,C,C,C,C
448,OFF_8_20190425_143106,027, HEGSE_11.HTM,OFF,1.263000000000,-20.000000000000,-55.554700000000,OFF,7.8,0.99,-100,C,C,C,C
449,ON_9_20190425_143249,027, HEGSE_11.HTM,ON,48.930000000000,130.000000000000,609.734400000000,ON,60,510.204,800,C,C,C,C
450,OFF_10_20190425_143433,027, HEGSE_11.HTM,OFF,1.101000000000,-25.000000000000,-59.976600000000,OFF,7.8,0.99,-100,C,C,C,C
451,ON_11_20190425_143616,027, HEGSE_11.HTM,ON,51.410000000000,125.000000000000,610.078200000000,ON,60,510.204,800,C,C,C,C
452,OFF_12_20190425_143759,027, HEGSE_11.HTM,OFF,7.805000000000,-30.000000000000,-60.351600000000,OFF,7.8,0.99,-100,C,NC,C,C
453,ON_1_20181204_175538,018, HEGSE_72.HTM,ON,48.600000000000,129.600000000000,730.484400000000,ON,60,510.204,800,C,C,C,C
454,OFF_2_20181204_175708,018, HEGSE_72.HTM,OFF,1.199000000000,0.000000000000,-31.164100000000,OFF,7.8,1.02,-100,C,C,C,C
455,ON_3_20181204_175852,018, HEGSE_72.HTM,ON,48.440000000000,120.500000000000,708.609400000000,ON,60,495.049,800,C,C,C,C
456,OFF_4_20181204_180023,018, HEGSE_72.HTM,OFF,1.197000000000,0.000000000000,-32.882800000000,OFF,7.8,0.99,-100,C,C,C,C
457,ON_1_20181206_143633,011, HEGSE_72.HTM,ON,55.200000000000,140.000000000000,700.890700000000,ON,60,510.204,800,C,C,C,C
458,OFF_2_20181206_143800,011, HEGSE_72.HTM,OFF,1.300000000000,0.000000000000,15.109400000000,OFF,7.8,1.02,-100,C,C,C,C
459,ON_3_20181206_143940,011, HEGSE_72.HTM,ON,54.400000000000,139.900000000000,683.234400000000,ON,60,495.049,800,C,C,C,C
460,OFF_4_20181206_144106,011, HEGSE_72.HTM,OFF,1.280000000000,0.000000000000,14.742200000000,OFF,7.8,0.99,-100,C,C,C,C
461,ON_1_20181206_143348,016, HEGSE_72.HTM,ON,54.260000000000,130.000000000000,644.375000000000,ON,60,510.204,800,C,C,C,C
462,OFF_2_20181206_143519,016, HEGSE_72.HTM,OFF,1.082000000000,0.000000000000,-26.890600000000,OFF,7.8,1.02,-100,C,C,C,C
463,ON_3_20181206_143704,016, HEGSE_72.HTM,ON,53.8850000000000,126.200000000000,623.765700000000,ON,60,495.049,800,C,C,C,C
464,OFF_4_20181206_143836,016, HEGSE_72.HTM,OFF,1.079000000000,0.000000000000,-25.085900000000,OFF,7.8,0.99,-100,C,C,C,C
465,ON_1_20190408_155022,029, HEGSE_11.HTM,ON,49.440000000000,135.000000000000,620.578200000000,ON,60,510.204,800,C,C,C,C
466,OFF_2_20190408_155203,029, HEGSE_11.HTM,OFF,1.339000000000,-20.000000000000,-56.367200000000,OFF,7.8,1.02,-100,C,C,C,C
467,ON_3_20190408_155345,029, HEGSE_11.HTM,ON,49.100000000000,135.000000000000,619.796900000000,ON,60,510.204,800,C,C,C,C
468,OFF_4_20190408_155526,029, HEGSE_11.HTM,OFF,1.086000000000,-20.000000000000,-57.890600000000,OFF,7.8,1.02,-100,C,C,C,C
469,ON_5_20190408_155707,029, HEGSE_11.HTM,ON,51.420000000000,130.000000000000,627.765700000000,ON,60,510.204,800,C,C,C,C
470,OFF_6_20190408_155848,029, HEGSE_11.HTM,OFF,0.991000000000,-25.000000000000,-61.812500000000,OFF,7.8,1.02,-100,C,C,C,C
471,ON_7_20190408_160052,029, HEGSE_11.HTM,ON,49.140000000000,120.000000000000,596.843800000000,ON,60,510.204,800,C,C,C,C
472,OFF_8_20190408_160234,029, HEGSE_11.HTM,OFF,1.428000000000,-30.000000000000,-62.343800000000,OFF,7.8,0.99,-100,C,C,C,C
473,ON_9_20190408_160415,029, HEGSE_11.HTM,ON,48.970000000000,120.000000000000,599.187500000000,ON,60,510.204,800,C,C,C,C
474,OFF_10_20190408_160556,029, HEGSE_11.HTM,OFF,1.246000000000,-30.000000000000,-62.539100000000,OFF,7.8,0.99,-100,C,C,C,C
475,ON_11_20190408_160737,029, HEGSE_11.HTM,ON,51.420000000000,120.000000000000,604.906300000000,ON,60,510.204,800,C,C,C,C
476,OFF_12_20190408_160918,029, HEGSE_11.HTM,OFF,6.784000000000,-30.000000000000,-63.289100000000,OFF,7.8,0.99,-100,C,C,C,C
477,ON_1_20181030_201101,081, HEGSE_11.HTM,ON,0.160000000000,,,ON,510.204,,,C,C,,
478,OFF_2_20181030_201212,081, HEGSE_11.HTM,OFF,0.050000000000,,,OFF,-100,,,C,C,,
479,ON_3_20181030_201322,081, HEGSE_11.HTM,ON,0.160000000000,,,ON,510.204,,,C,C,,
480,OFF_4_20181030_201433,081, HEGSE_11.HTM,OFF,0.050000000000,,,OFF,-100,,,C,C,,
481,ON_5_20181030_201543,081, HEGSE_11.HTM,ON,0.160000000000,,,ON,510.204,,,C,C,,
482,OFF_6_20181030_201652,081, HEGSE_11.HTM,OFF,0.050000000000,,,OFF,-100,,,C,C,,
483,ON_7_20181030_201817,081, HEGSE_11.HTM,ON,0.160000000000,,,ON,495.049,,,C,C,,
484,OFF_8_20181030_201927,081, HEGSE_11.HTM,OFF,0.050000000000,,,OFF,-100,,,C,C,,
485,ON_9_20181030_202036,081, HEGSE_11.HTM,ON,0.160000000000,,,ON,495.049,,,C,C,,
486,OFF_10_20181030_202145,081, HEGSE_11.HTM,OFF,0.050000000000,,,OFF,-100,,,C,C,,
487,ON_11_20181030_202254,081, HEGSE_11.HTM,ON,0.160000000000,,,ON,495.049,,,C,C,,
488,OFF_12_20181030_202403,081, HEGSE_11.HTM,OFF,0.050000000000,,,OFF,-100,,,C,C,,
489,ON_1_20181112_184250,075, HEGSE_11.HTM,ON,36.820000000000,154.100000000000,401.312500000000,ON,60,510.204,800,C,C,C,C
490,OFF_2_20181112_184406,075, HEGSE_11.HTM,OFF,4.666000000000,40.000000000000,-38.796900000000,OFF,10,1.02,-100,C,C,NC,C
491,ON_3_20181112_184522,075, HEGSE_11.HTM,ON,36.720000000000,154.600000000000,401.312500000000,ON,60,510.204,800,C,C,C,C
492,OFF_4_20181112_184638,075, HEGSE_11.HTM,OFF,4.476000000000,40.000000000000,-38.507800000000,OFF,10,1.02,-100,C,C,NC,C
493,ON_5_20181112_184753,075, HEGSE_11.HTM,ON,36.680000000000,156.000000000000,401.312500000000,ON,60,510.204,800,C,C,C,C
494,OFF_6_20181112_184909,075, HEGSE_11.HTM,OFF,4.336000000000,40.000000000000,-38.898400000000,OFF,10,1.02,-100,C,C,NC,C
495,ON_7_20181112_185044,075, HEGSE_11.HTM,ON,36.980000000000,150.100000000000,401.312500000000,ON,60,510.204,800,C,C,C,C
496,OFF_8_20181112_185200,075, HEGSE_11.HTM,OFF,4.557000000000,40.000000000000,-36.398400000000,OFF,10,0.99,-100,C,C,NC,C
497,ON_9_20181112_185316,075, HEGSE_11.HTM,ON,36.980000000000,150.300000000000,401.312500000000,ON,60,510.204,800,C,C,C,C
498,OFF_10_20181112_185431,075, HEGSE_11.HTM,OFF,4.396000000000,40.000000000000,-35.804700000000,OFF,10,0.99,-100,C,C,NC,C
499,ON_11_20181112_185547,075, HEGSE_11.HTM,ON,36.810000000000,150.600000000000,401.312500000000,ON,60,510.204,800,C,C,C,C
500,OFF_12_20181112_185703,075, HEGSE_11.HTM,OFF,4.259000000000,40.000000000000,-36.031300000000,OFF,10,0.99,-100,C,C,NC,C
501,ON_1_20181116_205748,072, HEGSE_11.HTM,ON,37.110000000000,162.000000000000,401.312500000000,ON,60,510.204,800,C,C,C,C
502,OFF_2_20181116_205906,072, HEGSE_11.HTM,OFF,4.788000000000,50.000000000000,-30.281300000000,OFF,10,1.02,-100,C,C,NC,C
503,ON_3_20181116_210025,072, HEGSE_11.HTM,ON,36.930000000000,161.900000000000,401.312500000000,ON,60,510.204,800,C,C,C,C
504,OFF_4_20181116_210143,072, HEGSE_11.HTM,OFF,4.617000000000,50.000000000000,-31.054700000000,OFF,10,1.02,-100,C,C,NC,C
505,ON_5_20181116_210302,072, HEGSE_11.HTM,ON,36.870000000000,160.600000000000,401.312500000000,ON,60,510.204,800,C,C,C,C
506,OFF_6_20181116_210420,072, HEGSE_11.HTM,OFF,4.483000000000,50.000000000000,-30.828100000000,OFF,10,1.02,-100,C,C,NC,C
507,ON_7_20181116_210557,072, HEGSE_11.HTM,ON,56.950000000000,160.000000000000,401.312500000000,ON,60,510.204,800,C,C,C,C
508,OFF_8_20181116_210716,072, HEGSE_11.HTM,OFF,4.726000000000,50.000000000000,-29.406300000000,OFF,10,0.99,-100,C,C,NC,C
509,ON_9_20181116_210835,072, HEGSE_11.HTM,ON,36.840000000000,160.000000000000,401.312500000000,ON,60,510.204,800,C,C,C,C
510,OFF_10_20181116_210953,072, HEGSE_11.HTM,OFF,4.619000000000,50.000000000000,-29.554700000000,OFF,10,0.99,-100,C,C,NC,C
511,ON_11_20181116_211111,072, HEGSE_11.HTM,ON,36.790000000000,160.000000000000,401.312500000000,ON,60,510.204,800,C,C,C,C
512,OFF_12_20181116_211230,072, HEGSE_11.HTM,OFF,4.456000000000,50.000000000000,-28.562500000000,OFF,10,0.99,-100,C,C,NC,C
513,ON_1_20190403_195034,086, HEGSE_11.HTM,ON,45.380000000000,105.000000000000,583.828200000000,ON,60,510.204,800,C,C,C,C
514,OFF_2_20190403_195209,086, HEGSE_11.HTM,OFF,1.268000000000,-35.000000000000,-72.093800000000,OFF,7.8,1.02,-100,C,C,C,C
515,ON_3_20190403_195343,086, HEGSE_11.HTM,ON,46.330000000000,105.000000000000,582.218800000000,ON,60,510.204,800,C,C,C,C
516,OFF_4_20190403_195518,086, HEGSE_11.HTM,OFF,1.111000000000,-35.000000000000,-72.718800000000,OFF,7.8,1.02,-100,C,C,C,C
517,ON_5_20190403_195652,086, HEGSE_11.HTM,ON,51.370000000000,105.000000000000,577.531300000000,ON,60,510.204,800,C,C,C,C
518,OFF_6_20190403_195827,086, HEGSE_11.HTM,OFF,0.992000000000,-35.000000000000,-72.882800000000,OFF,7.8,1.02,-100,C,C,C,C
519,ON_7_20190403_200023,086, HEGSE_11.HTM,ON,44.460000000000,100.000000000000,561.843800000000,ON,60,510.204,800,C,C,C,C
520,OFF_8_20190403_200157,086, HEGSE_11.HTM,OFF,1.269000000000,-35.000000000000,-70.968800000000,OFF,7.8,0.99,-100,C,C,C,C
521,ON_9_20190403_200332,086, HEGSE_11.HTM,ON,46.300000000000,100.000000000000,562.625000000000,ON,60,510.204,800,C,C,C,C
522,OFF_10_20190403_200506,086, HEGSE_11.HTM,OFF,1.102000000000,-30.000000000000,-69.648400000000,OFF,7.8,0.99,-100,C,C,C,C
523,ON_11_20190403_200641,086, HEGSE_11.HTM,ON,51.350000000000,100.000000000000,562.109400000000,ON,60,510.204,800,C,C,C,C
524,OFF_12_20190403_200815,086, HEGSE_11.HTM,OFF,0.988000000000,-35.000000000000,-70.062500000000,OFF,7.8,0.99,-100,C,C,C,C
525,ON_1_20181214_194019,044, HEGSE_72.HTM,ON,51.900000000000,140.100000000000,589.812500000000,ON,60,510.204,800,C,C,C,C
526,OFF_2_20181214_194147,044, HEGSE_72.HTM,OFF,1.335000000000,10.000000000000,-20.046900000000,OFF,7.8,1.02,-100,C,C,NC,C
527,ON_3_20181214_194327,044, HEGSE_72.HTM,ON,51.550000000000,140.000000000000,569.875000000000,ON,60,495.049,800,C,C,C,C
528,OFF_4_20181214_194455,044, HEGSE_72.HTM,OFF,1.333000000000,10.000000000000,-17.828100000000,OFF,7.8,0.99,-100,C,C,NC,C
529,ON_1_20181206_143633,088, HEGSE_72.HTM,ON,55.200000000000,190.000000000000,700.890700000000,ON,60,510.204,800,C,C,C,C
530,OFF_2_20181206_143800,088, HEGSE_72.HTM,OFF,1.300000000000,50.000000000000,20.109400000000,OFF,7.8,1.02,-100,C,C,NC,C
531,ON_3_20181206_143940,088, HEGSE_72.HTM,ON,54.400000000000,189.900000000000,683.234400000000,ON,60,495.049,800,C,C,C,C
532,OFF_4_20181206_144106,088, HEGSE_72.HTM,OFF,1.280000000000,50.000000000000,19.742200000000,OFF,7.8,0.99,-100,C,C,NC,C
533,ON_1_20190313_165145,043, HEGSE_72.HTM,ON,90.000000000000,-2560.000000000000,0.000000000000,ON,60,510.204,800,C,NC,C,C
534,OFF_2_20190313_165329,043, HEGSE_72.HTM,OFF,8.000000000000,-2560.000000000000,0.000000000000,OFF,7.8,1.02,-100,C,NC,C,C
535,ON_3_20190313_165528,043, HEGSE_72.HTM,ON,90.000000000000,-2560.000000000000,0.000000000000,ON,60,495.049,800,C,NC,C,C
536,OFF_4_20190313_165712,043, HEGSE_72.HTM,OFF,8.000000000000,-2560.000000000000,0.000000000000,OFF,7.8,0.99,-100,C,NC,C,C
537,ON_1_20181207_095838,017, HEGSE_72.HTM,ON,52.510000000000,120.100000000000,602.437500000000,ON,60,510.204,800,C,C,C,C
538,OFF_2_20181207_100009,017, HEGSE_72.HTM,OFF,1.121000000000,0.00000000000,-35.585900000000,OFF,7.8,1.02,-100,C,C,C,C
539,ON_3_20181207_100153,017, HEGSE_72.HTM,ON,52.070000000000,120.000000000000,586.109400000000,ON,60,495.049,800,C,C,C,C
540,OFF_4_20181207_100325,017, HEGSE_72.HTM,OFF,1.132000000000,0.000000000000,-35.125000000000,OFF,7.8,0.99,-100,C,C,C,C
541,ON_1_20190424_192248,028, HEGSE_11.HTM,ON,49.750000000000,250.000000000000,748.218800000000,ON,60,510.204,800,C,C,C,C
542,OFF_2_20190424_192428,028, HEGSE_11.HTM,OFF,1.234000000000,95.000000000000,58.046900000000,OFF,7.8,1.02,-100,C,C,NC,C
543,ON_3_20190424_192609,028, HEGSE_11.HTM,ON,49.550000000000,250.000000000000,748.312500000000,ON,60,510.204,800,C,C,C,C
544,OFF_4_20190424_192749,028, HEGSE_11.HTM,OFF,1.053000000000,90.000000000000,56.226600000000,OFF,7.8,1.02,-100,C,C,NC,C
545,ON_5_20190424_192929,028, HEGSE_11.HTM,ON,51.280000000000,250.000000000000,746.718800000000,ON,60,510.204,800,C,C,C,C
546,OFF_6_20190424_193110,028, HEGSE_11.HTM,OFF,0.934000000000,90.000000000000,59.328100000000,OFF,7.8,1.02,-100,C,C,NC,C
547,ON_7_20190424_193313,028, HEGSE_11.HTM,ON,49.330000000000,245.000000000000,729.937500000000,ON,60,510.204,800,C,C,C,C
548,OFF_8_20190424_193453,028, HEGSE_11.HTM,OFF,1.208000000000,90.000000000000,58.148400000000,OFF,7.8,0.99,-100,C,C,NC,C
549,ON_9_20190424_193633,028, HEGSE_11.HTM,ON,49.150000000000,245.000000000000,731.093800000000,ON,60,510.204,800,C,C,C,C
550,OFF_10_20190424_193814,028, HEGSE_11.HTM,OFF,1.072000000000,95.000000000000,59.656300000000,OFF,7.8,0.99,-100,C,C,NC,C
551,ON_11_20190424_193954,028, HEGSE_11.HTM,ON,51.280000000000,250.000000000000,729.484400000000,ON,60,510.204,800,C,C,C,C
552,OFF_12_20190424_194135,028, HEGSE_11.HTM,OFF,0.953000000000,95.000000000000,57.687500000000,OFF,7.8,0.99,-100,C,C,NC,C
553,ON_1_20181129_201422,010, HEGSE_11.HTM,ON,52.83300000000,123.300000000000,668.171900000000,ON,60,510.204,800,C,C,C,C
554,OFF_2_20181129_201546,010, HEGSE_11.HTM,OFF,1.320000000000,0.000000000000,-35.187500000000,OFF,7.8,1.02,-100,C,C,C,C
555,ON_3_20181129_201711,010, HEGSE_11.HTM,ON,52.917000000000,126.900000000000,669.140700000000,ON,60,510.204,800,C,C,C,C
556,OFF_4_20181129_201835,010, HEGSE_11.HTM,OFF,1.150000000000,0.000000000000,-33.398400000000,OFF,7.8,1.02,-100,C,C,C,C
557,ON_5_20181129_201959,010, HEGSE_11.HTM,ON,52.292000000000,129.800000000000,732.078200000000,ON,60,510.204,800,C,C,C,C
558,OFF_6_20181129_202123,010, HEGSE_11.HTM,OFF,1.045000000000,0.000000000000,-33.882800000000,OFF,7.8,1.02,-100,C,C,C,C
559,ON_7_20181129_202306,010, HEGSE_11.HTM,ON,52.290000000000,120.900000000000,652.828200000000,ON,60,510.204,800,C,C,C,C
560,OFF_8_20181129_202430,010, HEGSE_11.HTM,OFF,1.314000000000,0.000000000000,-30.953100000000,OFF,7.8,0.99,-100,C,C,C,C
561,ON_9_20181129_202554,010, HEGSE_11.HTM,ON,52.170000000000,122.400000000000,654.046900000000,ON,60,510.204,800,C,C,C,C
562,OFF_10_20181129_202718,010, HEGSE_11.HTM,OFF,1.143000000000,0.000000000000,-32.640600000000,OFF,7.8,0.99,-100,C,C,C,C
563,ON_11_20181129_202842,010, HEGSE_11.HTM,ON,52.430000000000,120.900000000000,710.000000000000,ON,60,510.204,800,C,C,C,C
564,OFF_12_20181129_203006,010, HEGSE_11.HTM,OFF,1.037000000000,0.000000000000,-31.507800000000,OFF,7.8,0.99,-100,C,C,C,C
565,ON_1_20190425_215524,026, HEGSE_11.HTM,ON,51.080000000000,135.000000000000,654.296900000000,ON,60,510.204,800,C,C,C,C
566,OFF_2_20190425_215704,026, HEGSE_11.HTM,OFF,1.235000000000,-30.000000000000,-64.023400000000,OFF,7.8,1.02,-100,C,C,C,C
567,ON_3_20190425_215844,026, HEGSE_11.HTM,ON,50.870000000000,135.000000000000,656.968800000000,ON,60,510.204,800,C,C,C,C
568,OFF_4_20190425_220024,026, HEGSE_11.HTM,OFF,1.181000000000,-30.000000000000,-64.835900000000,OFF,7.8,1.02,-100,C,C,C,C
569,ON_5_20190425_220204,026, HEGSE_11.HTM,ON,51.510000000000,135.000000000000,656.515700000000,ON,60,510.204,800,C,C,C,C
570,OFF_6_20190425_220344,026, HEGSE_11.HTM,OFF,0.971000000000,-30.000000000000,-64.781300000000,OFF,7.8,1.02,-100,C,C,C,C
571,ON_7_20190425_220547,026, HEGSE_11.HTM,ON,50.640000000000,130.000000000000,633.312500000000,ON,60,510.204,800,C,C,C,C
572,OFF_8_20190425_220727,026, HEGSE_11.HTM,OFF,1.240000000000,-30.000000000000,-63.632800000000,OFF,7.8,0.99,-100,C,C,C,C
573,ON_9_20190425_220907,026, HEGSE_11.HTM,ON,50.460000000000,130.000000000000,637.937500000000,ON,60,510.204,800,C,C,C,C
574,OFF_10_20190425_221047,026, HEGSE_11.HTM,OFF,1.040000000000,-30.000000000000,-65.523400000000,OFF,7.8,0.99,-100,C,C,C,C
575,ON_11_20190425_221227,026, HEGSE_11.HTM,ON,51.510000000000,130.000000000000,635.953200000000,ON,60,510.204,800,C,C,C,C
576,OFF_12_20190425_221407,026, HEGSE_11.HTM,OFF,0.966000000000,-30.000000000000,-64.593800000000,OFF,7.8,0.99,-100,C,C,C,C
577,ON_1_20181126_130830,019, HEGSE_72.HTM,ON,52.400000000000,130.000000000000,668.390700000000,ON,60,510.204,800,C,C,C,C
578,OFF_2_20181126_130957,019, HEGSE_72.HTM,OFF,1.355000000000,0.000000000000,-32.031300000000,OFF,7.8,1.02,-100,C,C,C,C
579,ON_3_20181126_131137,019, HEGSE_72.HTM,ON,52.130000000000,121.800000000000,640.781300000000,ON,60,495.049,800,C,C,C,C
580,OFF_4_20181126_131304,019, HEGSE_72.HTM,OFF,1.150000000000,0.000000000000,-35.046900000000,OFF,7.8,0.99,-100,C,C,C,C
581,ON_1_20190514_132112,021, HEGSE_11.HTM,ON,90.000000000000,-2560.000000000000,0.000000000000,ON,60,510.204,800,C,NC,C,C
582,OFF_2_20190514_132256,021, HEGSE_11.HTM,OFF,8.000000000000,-2560.000000000000,0.000000000000,OFF,7.8,1.02,-100,C,NC,C,C
583,ON_3_20190514_132440,021, HEGSE_11.HTM,ON,90.000000000000,-2560.000000000000,0.000000000000,ON,60,510.204,800,C,NC,C,C
584,OFF_4_20190514_132624,021, HEGSE_11.HTM,OFF,8.000000000000,-2560.000000000000,0.000000000000,OFF,7.8,1.02,-100,C,NC,C,C
585,ON_5_20190514_132808,021, HEGSE_11.HTM,ON,90.000000000000,-2560.000000000000,0.000000000000,ON,60,510.204,800,C,NC,C,C
586,OFF_6_20190514_132953,021, HEGSE_11.HTM,OFF,8.000000000000,-2560.000000000000,0.000000000000,OFF,7.8,1.02,-100,C,NC,C,C
587,ON_7_20190514_133200,021, HEGSE_11.HTM,ON,90.000000000000,-2560.000000000000,0.000000000000,ON,60,510.204,800,C,NC,C,C
588,OFF_8_20190514_133344,021, HEGSE_11.HTM,OFF,8.000000000000,-2560.000000000000,0.000000000000,OFF,7.8,0.99,-100,C,NC,C,C
589,ON_9_20190514_133529,021, HEGSE_11.HTM,ON,90.000000000000,-2560.000000000000,0.000000000000,ON,60,510.204,800,C,NC,C,C
590,OFF_10_20190514_133713,021, HEGSE_11.HTM,OFF,8.000000000000,-2560.000000000000,0.000000000000,OFF,7.8,0.99,-100,C,NC,C,C
591,ON_11_20190514_133857,021, HEGSE_11.HTM,ON,90.000000000000,-2560.000000000000,0.000000000000,ON,60,510.204,800,C,NC,C,C
592,OFF_12_20190514_134041,021, HEGSE_11.HTM,OFF,8.000000000000,-2560.000000000000,0.000000000000,OFF,7.8,0.99,-100,C,NC,C,C
593,ON_1_20190509_172117,003, HEGSE_11.HTM,ON,47.910000000000,165.000000000000,621.562500000000,ON,60,510.204,800,C,C,C,C
594,OFF_2_20190509_172301,003, HEGSE_11.HTM,OFF,1.311000000000,20.000000000000,-24.554700000000,OFF,7.8,1.02,-100,C,C,NC,C
595,ON_3_20190509_172445,003, HEGSE_11.HTM,ON,47.310000000000,155.000000000000,683.953200000000,ON,60,510.204,800,C,C,C,C
596,OFF_4_20190509_172629,003, HEGSE_11.HTM,OFF,1.120000000000,0.000000000000,-37.453100000000,OFF,7.8,1.02,-100,C,C,C,C
597,ON_5_20190509_172813,003, HEGSE_11.HTM,ON,51.220000000000,140.000000000000,669.328200000000,ON,60,510.204,800,C,C,C,C
598,OFF_6_20190509_172957,003, HEGSE_11.HTM,OFF,1.006000000000,-10.000000000000,-51.414100000000,OFF,7.8,1.02,-100,C,C,C,C
599,ON_7_20190509_173204,003, HEGSE_11.HTM,ON,47.100000000000,125.000000000000,572.734400000000,ON,60,510.204,800,C,C,C,C
600,OFF_8_20190509_173348,003, HEGSE_11.HTM,OFF,1.334000000000,-15.000000000000,-59.453100000000,OFF,7.8,0.99,-100,C,C,C,C
601,ON_9_20190509_173532,003, HEGSE_11.HTM,ON,46.810000000000,115.000000000000,639.687500000000,ON,60,510.204,800,C,C,C,C
602,OFF_10_20190509_173716,003, HEGSE_11.HTM,OFF,1.142000000000,-20.000000000000,-65.828100000000,OFF,7.8,0.99,-100,C,C,C,C
603,ON_11_20190509_173900,003, HEGSE_11.HTM,ON,51.200000000000,110.000000000000,638.406300000000,ON,60,510.204,800,C,C,C,C
604,OFF_12_20190509_174044,003, HEGSE_11.HTM,OFF,1.009000000000,-30.000000000000,-71.515600000000,OFF,7.8,0.99,-100,C,C,C,C
605,ON_1_20181213_141334,004, HEGSE_11.HTM,ON,51.050000000000,130.000000000000,665.656300000000,ON,60,510.204,800,C,C,C,C
606,OFF_2_20181213_141458,004, HEGSE_11.HTM,OFF,1.433000000000,0.000000000000,-29.695300000000,OFF,7.8,1.02,-100,C,C,C,C
607,ON_3_20181213_141622,004, HEGSE_11.HTM,ON,50.860000000000,130.000000000000,662.984400000000,ON,60,510.204,800,C,C,C,C
608,OFF_4_20181213_141746,004, HEGSE_11.HTM,OFF,1.187000000000,0.000000000000,-32.726600000000,OFF,7.8,1.02,-100,C,C,C,C
609,ON_5_20181213_141910,004, HEGSE_11.HTM,ON,52.400000000000,129.300000000000,733.718800000000,ON,60,510.204,800,C,C,C,C
610,OFF_6_20181213_142033,004, HEGSE_11.HTM,OFF,1.0435000000000,0.000000000000,-33.734400000000,OFF,7.8,1.02,-100,C,C,C,C
611,ON_7_20181213_142217,004, HEGSE_11.HTM,ON,50.750000000000,120.000000000000,641.421900000000,ON,60,510.204,800,C,C,C,C
612,OFF_8_20181213_142340,004, HEGSE_11.HTM,OFF,1.2920000000000,0.000000000000,-33.554700000000,OFF,7.8,0.99,-100,C,C,C,C
613,ON_9_20181213_142504,004, HEGSE_11.HTM,ON,50.580000000000,120.000000000000,640.609400000000,ON,60,510.204,800,C,C,C,C
614,OFF_10_20181213_142628,004, HEGSE_11.HTM,OFF,1.125000000000,0.00000000000,-34.164100000000,OFF,7.8,0.99,-100,C,C,C,C
615,ON_11_20181213_142752,004, HEGSE_11.HTM,ON,52.400000000000,120.000000000000,709.906300000000,ON,60,510.204,800,C,C,C,C
616,OFF_12_20181213_142916,004, HEGSE_11.HTM,OFF,1.182900000000,0.000000000000,-26.382800000000,OFF,7.8,0.99,-100,C,C,C,C
617,ON_1_20181213_141334,032, HEGSE_11.HTM,ON,51.050000000000,130.000000000000,665.656300000000,ON,60,510.204,800,C,C,C,C
618,OFF_2_20181213_141458,032, HEGSE_11.HTM,OFF,1.433000000000,0.000000000000,-29.695300000000,OFF,7.8,1.02,-100,C,C,C,C
619,ON_3_20181213_141622,032, HEGSE_11.HTM,ON,50.860000000000,130.000000000000,662.984400000000,ON,60,510.204,800,C,C,C,C
620,OFF_4_20181213_141746,032, HEGSE_11.HTM,OFF,1.187000000000,0.000000000000,-32.726600000000,OFF,7.8,1.02,-100,C,C,C,C
621,ON_5_20181213_141910,032, HEGSE_11.HTM,ON,52.400000000000,129.300000000000,733.718800000000,ON,60,510.204,800,C,C,C,C
622,OFF_6_20181213_142033,032, HEGSE_11.HTM,OFF,2.435000000000,0.000000000000,-33.734400000000,OFF,7.8,1.02,-100,C,C,C,C
623,ON_7_20181213_142217,032, HEGSE_11.HTM,ON,50.750000000000,120.000000000000,641.421900000000,ON,60,510.204,800,C,C,C,C
624,OFF_8_20181213_142340,032, HEGSE_11.HTM,OFF,8.000000000000,-2.200000000000,-33.554700000000,OFF,7.8,0.99,-100,C,NC,C,C
625,ON_9_20181213_142504,032, HEGSE_11.HTM,ON,50.580000000000,120.000000000000,640.609400000000,ON,60,510.204,800,C,C,C,C
626,OFF_10_20181213_142628,032, HEGSE_11.HTM,OFF,8.000000000000,-0.300000000000,-34.164100000000,OFF,7.8,0.99,-100,C,NC,C,C
627,ON_11_20181213_142752,032, HEGSE_11.HTM,ON,52.400000000000,120.000000000000,709.906300000000,ON,60,510.204,800,C,C,C,C
628,OFF_12_20181213_142916,032, HEGSE_11.HTM,OFF,7.999000000000,-9.400000000000,-36.382800000000,OFF,7.8,0.99,-100,C,NC,C,C
629,ON_1_20181126_093729,061, HEGSE_72.HTM,ON,89.990000000000,-9.100000000000,-3.265600000000,ON,60,510.204,800,C,NC,C,C
630,OFF_2_20181126_093856,061, HEGSE_72.HTM,OFF,-1.906000000000,-10.000000000000,-11.859400000000,OFF,7.8,1.02,-100,C,C,C,C
631,ON_3_20181126_094036,061, HEGSE_72.HTM,ON,90.000000000000,-9.800000000000,-3.875000000000,ON,60,495.049,800,C,NC,C,C
632,OFF_4_20181126_094202,061, HEGSE_72.HTM,OFF,-1.906000000000,-10.000000000000,-12.476600000000,OFF,7.8,0.99,-100,C,C,C,C
633,ON_1_20190524_214338,066, HEGSE_11.HTM,ON,44.490000000000,145.000000000000,620.859400000000,ON,60,510.204,800,C,C,C,C
634,OFF_2_20190524_214520,066, HEGSE_11.HTM,OFF,1.412000000000,0.000000000000,-32.640600000000,OFF,7.8,1.02,-100,C,C,C,C
635,ON_3_20190524_214700,066, HEGSE_11.HTM,ON,46.190000000000,145.000000000000,619.296900000000,ON,60,510.204,800,C,C,C,C
636,OFF_4_20190524_214841,066, HEGSE_11.HTM,OFF,1.202000000000,0.000000000000,-34.484400000000,OFF,7.8,1.02,-100,C,C,C,C
637,ON_5_20190524_215022,066, HEGSE_11.HTM,ON,51.350000000000,145.000000000000,613.765700000000,ON,60,510.204,800,C,C,C,C
638,OFF_6_20190524_215203,066, HEGSE_11.HTM,OFF,1.126000000000,0.000000000000,-33.601600000000,OFF,7.8,1.02,-100,C,C,C,C
639,ON_7_20190524_215408,066, HEGSE_11.HTM,ON,44.470000000000,140.000000000000,598.062500000000,ON,60,510.204,800,C,C,C,C
640,OFF_8_20190524_215549,066, HEGSE_11.HTM,OFF,1.417000000000,0.000000000000,-31.117200000000,OFF,7.8,0.99,-100,C,C,C,C
641,ON_9_20190524_215730,066, HEGSE_11.HTM,ON,46.310000000000,140.000000000000,600.609400000000,ON,60,510.204,800,C,C,C,C
642,OFF_10_20190524_215911,066, HEGSE_11.HTM,OFF,1.279000000000,0.000000000000,-32.179700000000,OFF,7.8,0.99,-100,C,C,C,C
643,ON_11_20190524_220052,066, HEGSE_11.HTM,ON,50.710000000000,140.000000000000,596.046900000000,ON,60,510.204,800,C,C,C,C
644,OFF_12_20190524_220233,066, HEGSE_11.HTM,OFF,1.143000000000,0.000000000000,-32.765600000000,OFF,7.8,0.99,-100,C,C,C,C
645,ON_1_20181207_093147,092, HEGSE_72.HTM,ON,52.190000000000,180.000000000000,626.390700000000,ON,60,510.204,800,C,C,C,C
646,OFF_2_20181207_093313,092, HEGSE_72.HTM,OFF,1.189000000000,50.000000000000,17.281300000000,OFF,7.8,1.02,-100,C,C,NC,C
647,ON_3_20181207_093453,092, HEGSE_72.HTM,ON,51.880000000000,170.000000000000,610.421900000000,ON,60,495.049,800,C,C,C,C
648,OFF_4_20181207_093620,092, HEGSE_72.HTM,OFF,1.317000000000,40.000000000000,11.046900000000,OFF,7.8,0.99,-100,C,C,NC,C
649,ON_1_20181126_110026,059, HEGSE_72.HTM,ON,52.750000000000,-99.500000000000,363.359400000000,ON,60,510.204,800,C,C,C,C
650,OFF_2_20181126_110156,059, HEGSE_72.HTM,OFF,1.020000000000,-228.900000000000,-251.929700000000,OFF,7.8,1.02,-100,C,C,C,NC
651,ON_3_20181126_110339,059, HEGSE_72.HTM,ON,52.230000000000,-170.000000000000,279.781300000000,ON,60,495.049,800,C,C,C,C
652,OFF_4_20181126_110508,059, HEGSE_72.HTM,OFF,-1.906000000000,-250.000000000000,-251.929700000000,OFF,7.8,0.99,-100,C,C,C,NC
653,ON_1_20181206_143348,050, HEGSE_72.HTM,ON,54.260000000000,80.000000000000,644.375000000000,ON,60,510.204,800,C,C,C,C
654,OFF_2_20181206_143519,050, HEGSE_72.HTM,OFF,1.082000000000,-60.000000000000,-86.890600000000,OFF,7.8,1.02,-100,C,C,C,C
655,ON_3_20181206_143704,050, HEGSE_72.HTM,ON,79.590000000000,76.200000000000,623.765700000000,ON,60,495.049,800,C,NC,C,C
656,OFF_4_20181206_143836,050, HEGSE_72.HTM,OFF,1.079000000000,-60.000000000000,-85.085900000000,OFF,7.8,0.99,-100,C,C,C,C
657,ON_1_20181126_130830,057, HEGSE_72.HTM,ON,52.400000000000,120.000000000000,658.390700000000,ON,60,510.204,800,C,C,C,C
658,OFF_2_20181126_130957,057, HEGSE_72.HTM,OFF,1.355000000000,-10.000000000000,-42.031300000000,OFF,7.8,1.02,-100,C,C,C,C
659,ON_3_20181126_131137,057, HEGSE_72.HTM,ON,52.130000000000,111.800000000000,630.781300000000,ON,60,495.049,800,C,C,C,C
660,OFF_4_20181126_131304,057, HEGSE_72.HTM,OFF,7.240000000000,-10.000000000000,-45.046900000000,OFF,7.8,0.99,-100,C,C,C,C
661,ON_1_20190524_184239,068, HEGSE_11.HTM,ON,44.430000000000,145.000000000000,607.859400000000,ON,60,510.204,800,C,C,C,C
662,OFF_2_20190524_184423,068, HEGSE_11.HTM,OFF,1.453000000000,0.000000000000,-32.843800000000,OFF,7.8,1.02,-100,C,C,C,C
663,ON_3_20190524_184607,068, HEGSE_11.HTM,ON,46.190000000000,145.000000000000,609.000000000000,ON,60,510.204,800,C,C,C,C
664,OFF_4_20190524_184751,068, HEGSE_11.HTM,OFF,1.123000000000,0.000000000000,-34.617200000000,OFF,7.8,1.02,-100,C,C,C,C
665,ON_5_20190524_184935,068, HEGSE_11.HTM,ON,51.340000000000,140.000000000000,606.109400000000,ON,60,510.204,800,C,C,C,C
666,OFF_6_20190524_185119,068, HEGSE_11.HTM,OFF,0.982000000000,0.000000000000,-36.968800000000,OFF,7.8,1.02,-100,C,C,C,C
667,ON_7_20190524_185328,068, HEGSE_11.HTM,ON,44.440000000000,140.000000000000,589.421900000000,ON,60,510.204,800,C,C,C,C
668,OFF_8_20190524_185512,068, HEGSE_11.HTM,OFF,1.415000000000,0.000000000000,-32.195300000000,OFF,7.8,0.99,-100,C,C,C,C
669,ON_9_20190524_185656,068, HEGSE_11.HTM,ON,46.300000000000,140.000000000000,592.812500000000,ON,60,510.204,800,C,C,C,C
670,OFF_10_20190524_185840,068, HEGSE_11.HTM,OFF,1.115000000000,0.000000000000,-33.820300000000,OFF,7.8,0.99,-100,C,C,C,C
671,ON_11_20190524_190023,068, HEGSE_11.HTM,ON,51.350000000000,140.000000000000,590.828200000000,ON,60,510.204,800,C,C,C,C
672,OFF_12_20190524_190207,068, HEGSE_11.HTM,OFF,1.006000000000,0.000000000000,-33.601600000000,OFF,7.8,0.99,-100,C,C,C,C
673,ON_1_20181129_201422,034, HEGSE_11.HTM,ON,79.060000000000,63.300000000000,608.171900000000,ON,60,510.204,800,C,NC,C,C
674,OFF_2_20181129_201546,034, HEGSE_11.HTM,OFF,1.320000000000,-60.000000000000,-95.187500000000,OFF,7.8,1.02,-100,C,C,C,C
675,ON_3_20181129_201711,034, HEGSE_11.HTM,ON,77.550000000000,66.900000000000,609.140700000000,ON,60,510.204,800,C,NC,C,C
676,OFF_4_20181129_201835,034, HEGSE_11.HTM,OFF,1.150000000000,-60.000000000000,-93.398400000000,OFF,7.8,1.02,-100,C,C,C,C
677,ON_5_20181129_201959,034, HEGSE_11.HTM,ON,74.580000000000,69.800000000000,672.078200000000,ON,60,510.204,800,C,NC,C,C
678,OFF_6_20181129_202123,034, HEGSE_11.HTM,OFF,1.045000000000,-60.000000000000,-93.882800000000,OFF,7.8,1.02,-100,C,C,C,C
679,ON_7_20181129_202306,034, HEGSE_11.HTM,ON,52.290000000000,60.900000000000,592.828200000000,ON,60,510.204,800,C,C,C,C
680,OFF_8_20181129_202430,034, HEGSE_11.HTM,OFF,1.314000000000,-60.000000000000,-90.953100000000,OFF,7.8,0.99,-100,C,C,C,C
681,ON_9_20181129_202554,034, HEGSE_11.HTM,ON,52.170000000000,62.400000000000,594.046900000000,ON,60,510.204,800,C,C,C,C
682,OFF_10_20181129_202718,034, HEGSE_11.HTM,OFF,1.143000000000,-60.000000000000,-92.640600000000,OFF,7.8,0.99,-100,C,C,C,C
683,ON_11_20181129_202842,034, HEGSE_11.HTM,ON,52.430000000000,60.900000000000,650.000000000000,ON,60,510.204,800,C,C,C,C
684,OFF_12_20181129_203006,034, HEGSE_11.HTM,OFF,1.037000000000,-60.000000000000,-91.507800000000,OFF,7.8,0.99,-100,C,C,C,C
685,ON_1_20181213_094220,033, HEGSE_11.HTM,ON,48.420000000000,0.000000000000,8.765600000000,ON,60,510.204,800,C,C,C,C
686,OFF_2_20181213_094342,033, HEGSE_11.HTM,OFF,-1.906000000000,0.000000000000,-2.335900000000,OFF,7.8,1.02,-100,C,C,C,C
687,ON_3_20181213_094503,033, HEGSE_11.HTM,ON,48.240000000000,0.000000000000,8.546900000000,ON,60,510.204,800,C,C,C,C
688,OFF_4_20181213_094624,033, HEGSE_11.HTM,OFF,-1.906000000000,0.000000000000,-2.335900000000,OFF,7.8,1.02,-100,C,C,C,C
689,ON_5_20181213_094746,033, HEGSE_11.HTM,ON,48.100000000000,0.000000000000,8.359400000000,ON,60,510.204,800,C,C,C,C
690,OFF_6_20181213_094907,033, HEGSE_11.HTM,OFF,-1.906000000000,0.000000000000,-2.460900000000,OFF,7.8,1.02,-100,C,C,C,C
691,ON_7_20181213_095048,033, HEGSE_11.HTM,ON,48.080000000000,0.000000000000,8.687500000000,ON,60,510.204,800,C,C,C,C
692,OFF_8_20181213_095209,033, HEGSE_11.HTM,OFF,-1.906000000000,0.000000000000,-2.218800000000,OFF,7.8,0.99,-100,C,C,C,C
693,ON_9_20181213_095330,033, HEGSE_11.HTM,ON,47.900000000000,0.000000000000,8.484400000000,ON,60,510.204,800,C,C,C,C
694,OFF_10_20181213_095452,033, HEGSE_11.HTM,OFF,-1.906000000000,0.000000000000,-2.273400000000,OFF,7.8,0.99,-100,C,C,C,C
695,ON_11_20181213_095613,033, HEGSE_11.HTM,ON,47.780000000000,0.000000000000,8.687500000000,ON,60,510.204,800,C,C,C,C
696,OFF_12_20181213_095735,033, HEGSE_11.HTM,OFF,-1.906000000000,0.000000000000,-2.578100000000,OFF,7.8,0.99,-100,C,C,C,C
697,ON_1_20181129_183910,005, HEGSE_11.HTM,ON,52.450000000000,130.000000000000,711.234400000000,ON,60,510.204,800,C,C,C,C
698,OFF_2_20181129_184031,005, HEGSE_11.HTM,OFF,1.345000000000,0.000000000000,35.570300000000,OFF,7.8,1.02,-100,C,C,C,C
699,ON_3_20181129_184152,005, HEGSE_11.HTM,ON,52.270000000000,130.000000000000,711.843800000000,ON,60,510.204,800,C,C,C,C
700,OFF_4_20181129_184313,005, HEGSE_11.HTM,OFF,1.189000000000,0.000000000000,32.765600000000,OFF,7.8,1.02,-100,C,C,C,C
701,ON_5_20181129_184434,005, HEGSE_11.HTM,ON,52.370000000000,129.300000000000,706.421900000000,ON,60,510.204,800,C,C,C,C
702,OFF_6_20181129_184555,005, HEGSE_11.HTM,OFF,1.072000000000,0.000000000000,29.890600000000,OFF,7.8,1.02,-100,C,C,C,C
703,ON_7_20181129_184735,005, HEGSE_11.HTM,ON,52.150000000000,120.000000000000,697.015700000000,ON,60,510.204,800,C,C,C,C
704,OFF_8_20181129_184856,005, HEGSE_11.HTM,OFF,1.356000000000,0.00000000000,30.781300000000,OFF,7.8,0.99,-100,C,C,C,C
705,ON_9_20181129_185017,005, HEGSE_11.HTM,ON,51.970000000000,120.000000000000,689.328200000000,ON,60,510.204,800,C,C,C,C
706,OFF_10_20181129_185138,005, HEGSE_11.HTM,OFF,1.199000000000,0.00000000000,29.687500000000,OFF,7.8,0.99,-100,C,C,C,C
707,ON_11_20181129_185259,005, HEGSE_11.HTM,ON,52.260000000000,120.000000000000,688.593800000000,ON,60,510.204,800,C,C,C,C
708,OFF_12_20181129_185420,005, HEGSE_11.HTM,OFF,1.072000000000,0.00000000000,29.765600000000,OFF,7.8,0.99,-100,C,C,C,C
709,ON_1_20181031_122440,002, HEGSE_72.HTM,OFF,0.090000000000,,,ON,60,,,NC,NC,,
710,ON_1_20181204_074650,056, HEGSE_72.HTM,ON,73.840000000000,59.800000000000,719.593800000000,ON,60,510.204,800,C,NC,C,C
711,OFF_2_20181204_075229,056, HEGSE_72.HTM,OFF,1.200000000000,-70.000000000000,-102.171900000000,OFF,7.8,1.02,-100,C,C,C,NC
712,ON_3_20181204_075413,056, HEGSE_72.HTM,ON,77.020000000000,50.400000000000,696.390700000000,ON,60,495.049,800,C,NC,C,C
713,OFF_4_20181204_075543,056, HEGSE_72.HTM,OFF,1.194000000000,-70.000000000000,-102.453100000000,OFF,7.8,0.99,-100,C,C,C,NC
714,ON_1_20190524_143310,069, HEGSE_11.HTM,ON,54.620000000000,145.000000000000,596.593800000000,ON,60,510.204,800,C,C,C,C
715,OFF_2_20190524_143454,069, HEGSE_11.HTM,OFF,7.583000000000,0.000000000000,-31.296900000000,OFF,7.8,1.02,-100,C,C,C,C
716,ON_3_20190524_143638,069, HEGSE_11.HTM,ON,46.180000000000,145.000000000000,600.453200000000,ON,60,510.204,800,C,C,C,C
717,OFF_4_20190524_143822,069, HEGSE_11.HTM,OFF,7.280000000000,0.000000000000,-31.343800000000,OFF,7.8,1.02,-100,C,C,C,C
718,ON_5_20190524_144006,069, HEGSE_11.HTM,ON,51.200000000000,145.000000000000,600.546900000000,ON,60,510.204,800,C,C,C,C
719,OFF_6_20190524_144150,069, HEGSE_11.HTM,OFF,1.166000000000,0.000000000000,-32.046900000000,OFF,7.8,1.02,-100,C,C,C,C
720,ON_7_20190524_144359,069, HEGSE_11.HTM,ON,44.490000000000,140.000000000000,579.921900000000,ON,60,510.204,800,C,C,C,C
721,OFF_8_20190524_144543,069, HEGSE_11.HTM,OFF,1.441000000000,0.000000000000,-33.195300000000,OFF,7.8,0.99,-100,C,C,C,C
722,ON_9_20190524_144727,069, HEGSE_11.HTM,ON,46.190000000000,140.000000000000,582.812500000000,ON,60,510.204,800,C,C,C,C
723,OFF_10_20190524_144911,069, HEGSE_11.HTM,OFF,1.240000000000,0.000000000000,-32.273400000000,OFF,7.8,0.99,-100,C,C,C,C
724,ON_11_20190524_145054,069, HEGSE_11.HTM,ON,51.330000000000,140.000000000000,580.031300000000,ON,60,510.204,800,C,C,C,C
725,OFF_12_20190524_145238,069, HEGSE_11.HTM,OFF,1.002000000000,0.000000000000,-34.492200000000,OFF,7.8,0.99,-100,C,C,C,C
726,ON_1_20181206_140149,051, HEGSE_72.HTM,ON,54.350000000000,-60.000000000000,502.984400000000,ON,60,510.204,800,C,C,C,C
727,OFF_2_20181206_140321,051, HEGSE_72.HTM,OFF,0.962000000000,-190.000000000000,-219.742200000000,OFF,7.8,1.02,-100,C,C,C,NC
728,ON_3_20181206_140503,051, HEGSE_72.HTM,ON,53.990000000000,-60.000000000000,489.062500000000,ON,60,495.049,800,C,C,C,C
729,OFF_4_20181206_140632,051, HEGSE_72.HTM,OFF,0.955000000000,-190.000000000000,-219.148400000000,OFF,7.8,0.99,-100,C,C,C,NC
730,ON_1_20181207_005100,093, HEGSE_72.HTM,ON,52.510000000000,170.400000000000,630.750000000000,ON,60,510.204,800,C,C,C,C
731,OFF_2_20181207_005225,093, HEGSE_72.HTM,OFF,7.969000000000,40.900000000000,13.492200000000,OFF,7.8,1.02,-100,C,NC,NC,C
732,ON_3_20181207_005401,093, HEGSE_72.HTM,ON,52.170000000000,170.000000000000,612.296900000000,ON,60,495.049,800,C,C,C,C
733,OFF_4_20181207_005526,093, HEGSE_72.HTM,OFF,7.976000000000,40.800000000000,14.546900000000,OFF,7.8,0.99,-100,C,NC,NC,C
734,ON_1_20190524_204856,067, HEGSE_11.HTM,ON,44.510000000000,145.000000000000,620.812500000000,ON,60,510.204,800,C,C,C,C
735,OFF_2_20190524_205037,067, HEGSE_11.HTM,OFF,1.418000000000,0.000000000000,-31.703100000000,OFF,7.8,1.02,-100,C,C,C,C
736,ON_3_20190524_205218,067, HEGSE_11.HTM,ON,46.200000000000,145.000000000000,618.328200000000,ON,60,510.204,800,C,C,C,C
737,OFF_4_20190524_205359,067, HEGSE_11.HTM,OFF,1.260000000000,0.000000000000,-33.796900000000,OFF,7.8,1.02,-100,C,C,C,C
738,ON_5_20190524_205540,067, HEGSE_11.HTM,ON,51.350000000000,145.000000000000,615.828200000000,ON,60,510.204,800,C,C,C,C
739,OFF_6_20190524_205721,067, HEGSE_11.HTM,OFF,1.123000000000,0.000000000000,-33.898400000000,OFF,7.8,1.02,-100,C,C,C,C
740,ON_7_20190524_205926,067, HEGSE_11.HTM,ON,44.400000000000,140.000000000000,597.890700000000,ON,60,510.204,800,C,C,C,C
741,OFF_8_20190524_210107,067, HEGSE_11.HTM,OFF,1.415000000000,0.000000000000,-31.335900000000,OFF,7.8,0.99,-100,C,C,C,C
742,ON_9_20190524_210248,067, HEGSE_11.HTM,ON,46.290000000000,140.000000000000,595.593800000000,ON,60,510.204,800,C,C,C,C
743,OFF_10_20190524_210429,067, HEGSE_11.HTM,OFF,1.269000000000,0.000000000000,-31.507800000000,OFF,7.8,0.99,-100,C,C,C,C
744,ON_11_20190524_210610,067, HEGSE_11.HTM,ON,51.350000000000,140.000000000000,596.578200000000,ON,60,510.204,800,C,C,C,C
745,OFF_12_20190524_210751,067, HEGSE_11.HTM,OFF,1.130000000000,0.000000000000,-31.828100000000,OFF,7.8,0.99,-100,C,C,C,C
746,ON_1_20181126_112218,058, HEGSE_72.HTM,ON,52.510000000000,-140.000000000000,318.921900000000,ON,60,510.204,800,C,C,C,C
747,OFF_2_20181126_112347,058, HEGSE_72.HTM,OFF,1.026000000000,-240.000000000000,-251.929700000000,OFF,7.8,1.02,-100,C,C,C,NC
748,ON_3_20181126_112530,058, HEGSE_72.HTM,ON,52.160000000000,-180.000000000000,264.453100000000,ON,60,495.049,800,C,C,C,C
749,OFF_4_20181126_112659,058, HEGSE_72.HTM,OFF,-1.906000000000,-250.000000000000,-251.929700000000,OFF,7.8,0.99,-100,C,C,C,NC
750,ON_1_20181126_103714,060, HEGSE_72.HTM,ON,90.000000000000,-1.300000000000,-2.015600000000,ON,60,510.204,800,C,NC,C,C
751,OFF_2_20181126_103843,060, HEGSE_72.HTM,OFF,-1.906000000000,-10.000000000000,-11.867200000000,OFF,7.8,1.02,-100,C,C,C,C
752,ON_3_20181126_104026,060, HEGSE_72.HTM,ON,90.000000000000,-4.300000000000,-2.375000000000,ON,60,495.049,800,C,NC,C,C
753,OFF_4_20181126_104155,060, HEGSE_72.HTM,OFF,-1.906000000000,-10.000000000000,-10.945300000000,OFF,7.8,0.99,-100,C,C,C,C
754,ON_1_20181116_230306,094, HEGSE_72.HTM,ON,36.980000000000,160.000000000000,401.312500000000,ON,60,510.204,800,C,C,C,C
755,OFF_2_20181116_230430,094, HEGSE_72.HTM,OFF,7.999000000000,49.700000000000,-32.687500000000,OFF,10,1.02,-100,C,C,NC,C
756,ON_3_20181116_230608,094, HEGSE_72.HTM,ON,37.130000000000,159.900000000000,401.312500000000,ON,60,495.049,800,C,C,C,C
757,OFF_4_20181116_230732,094, HEGSE_72.HTM,OFF,4.654000000000,50.000000000000,-31.304700000000,OFF,10,0.99,-100,C,C,NC,C
758,ON_1_20181105_201724,115, HEGSE_72.HTM,ON,36.780000000000,146.900000000000,401.312500000000,ON,60,510.204,800,C,C,C,C
759,OFF_2_20181105_201841,115, HEGSE_72.HTM,OFF,4.528000000000,30.000000000000,-50.296900000000,OFF,10,1.02,-100,C,C,NC,C
760,ON_3_20181105_202008,115, HEGSE_72.HTM,ON,36.790000000000,141.700000000000,401.312500000000,ON,60,495.049,800,C,C,C,C
761,OFF_4_20181105_202125,115, HEGSE_72.HTM,OFF,4.461000000000,30.000000000000,-49.039100000000,OFF,10,0.99,-100,C,C,NC,C
762,ON_1_20181117_171348,114, HEGSE_72.HTM,ON,56.840000000000,160.000000000000,401.312500000000,ON,60,510.204,800,C,C,C,C
763,OFF_2_20181117_171513,114, HEGSE_72.HTM,OFF,7.973000000000,41.100000000000,-35.804700000000,OFF,10,1.02,-100,C,C,NC,C
764,ON_3_20181117_171650,114, HEGSE_72.HTM,ON,36.930000000000,155.200000000000,401.312500000000,ON,60,495.049,800,C,C,C,C
765,OFF_4_20181117_171814,114, HEGSE_72.HTM,OFF,7.955000000000,40.200000000000,-34.289100000000,OFF,10,0.99,-100,C,C,NC,C
766,ON_1_20181113_232117,113, HEGSE_72.HTM,ON,36.900000000000,163.500000000000,401.312500000000,ON,60,510.204,800,C,C,C,C
767,OFF_2_20181113_232240,113, HEGSE_72.HTM,OFF,4.533000000000,50.000000000000,-28.757800000000,OFF,10,1.02,-100,C,C,NC,C
768,ON_3_20181113_232417,113, HEGSE_72.HTM,ON,36.750000000000,160.100000000000,401.312500000000,ON,60,495.049,800,C,C,C,C
769,OFF_4_20181113_232541,113, HEGSE_72.HTM,OFF,4.517000000000,50.000000000000,-27.476600000000,OFF,10,0.99,-100,C,C,NC,C
