s.no,id,dir,_file_,power_state_value,current_rise/fall_time_value (mS),current_stabilised_value (mA),current_max/min_value (mA),power_state_spec,current_rise/fall_time_spec (mS),current_stabilised_spec (mA),current_max/min_spec (mA),power_state_N/NC,current_rise/fall_time_C/NC,current_stabilised_C/NC,current_max/min_C/NC
1,ON_1_20181031_173504,104,ON_1_20181031_173504_104.bmp,ON,89.99,150.0,405.9922,ON,60.0,510.204,800.0,C,NC,C,C
2,OFF_2_20181031_173628,104,OFF_2_20181031_173628_104.bmp,OFF,7.992,30.0,-56.0,OFF,10.0,510.204,-100.0,C,C,C,C
3,ON_3_20181031_173800,104,ON_3_20181031_173800_104.bmp,ON,89.95,140.0,405.9922,ON,60.0,495.04900000000004,800.0,C,NC,C,C
4,OFF_4_20181031_173921,104,OFF_4_20181031_173921_104.bmp,OFF,7.997,30.0,-58.0,OFF,10.0,495.04900000000004,-100.0,C,C,C,C
5,ON_1_20181102_084600,103,ON_1_20181102_084600_103.bmp,ON,56.65,169.8,405.9922,ON,60.0,510.204,800.0,C,C,C,C
6,OFF_2_20181102_084723,103,OFF_2_20181102_084723_103.bmp,OFF,8.0,56.4,-32.0,OFF,10.0,510.204,-100.0,C,C,C,C
7,ON_3_20181102_084856,103,ON_3_20181102_084856_103.bmp,ON,36.97,166.3,405.9922,ON,60.0,495.04900000000004,800.0,C,C,C,C
8,OFF_4_20181102_085018,103,OFF_4_20181102_085018_103.bmp,OFF,8.0,58.0,-28.0,OFF,10.0,495.04900000000004,-100.0,C,C,C,C
9,ON_1_20181102_085847,102,ON_1_20181102_085847_102.bmp,ON,37.04,170.0,401.3125,ON,60.0,510.204,800.0,C,C,C,C
10,OFF_2_20181102_090016,102,OFF_2_20181102_090016_102.bmp,OFF,4.377,55.1,-26.4219,OFF,10.0,510.204,-100.0,C,C,C,C
11,ON_3_20181102_090149,102,ON_3_20181102_090149_102.bmp,ON,36.97,165.6,401.3125,ON,60.0,495.04900000000004,800.0,C,C,C,C
12,OFF_4_20181102_090312,102,OFF_4_20181102_090312_102.bmp,OFF,8.0,57.9,-23.8047,OFF,10.0,495.04900000000004,-100.0,C,C,C,C
13,ON_1_20181031_163301,105,ON_1_20181031_163301_105.bmp,ON,0.08963,0.14,0.4013125,ON,60.0,510.204,800.0,C,NC,C,C
14,OFF_2_20181031_163423,105,OFF_2_20181031_163423_105.bmp,OFF,0.007704,0.03,-0.0549297,OFF,10.0,510.204,-100.0,C,C,C,C
15,ON_3_20181031_163555,105,ON_3_20181031_163555_105.bmp,ON,0.089,0.14,0.4013125,ON,60.0,495.04900000000004,800.0,C,NC,C,C
16,OFF_4_20181031_164012,105,OFF_4_20181031_164012_105.bmp,OFF,0.007997,0.02,-0.0688594,OFF,10.0,495.04900000000004,-100.0,C,C,C,C
17,ON_1_20190507_200536,23,ON_1_20190507_200536_23.bmp,ON,49.7,155.0,630.7813,ON,60.0,510.204,800.0,C,C,C,C
18,OFF_2_20190507_200720,23,OFF_2_20190507_200720_23.bmp,OFF,1.26,0.0,-36.9063,OFF,7.8,1.02,-100.0,C,C,C,C
19,ON_3_20190507_200905,23,ON_3_20190507_200905_23.bmp,ON,49.5,150.0,624.5469,ON,60.0,510.204,800.0,C,C,C,C
20,OFF_4_20190507_201049,23,OFF_4_20190507_201049_23.bmp,OFF,1.088,0.0,-39.2578,OFF,7.8,1.02,-100.0,C,C,C,C
21,ON_5_20190507_201233,23,ON_5_20190507_201233_23.bmp,ON,51.42,150.0,648.7813,ON,60.0,510.204,800.0,C,C,C,C
22,OFF_6_20190507_201417,23,OFF_6_20190507_201417_23.bmp,OFF,0.987,-5.0,-40.9297,OFF,7.8,1.02,-100.0,C,C,C,C
23,ON_7_20190507_201625,23,ON_7_20190507_201625_23.bmp,ON,49.3,145.0,607.4063,ON,60.0,510.204,800.0,C,C,C,C
24,OFF_8_20190507_201809,23,OFF_8_20190507_201809_23.bmp,OFF,1.259,-5.0,-39.9766,OFF,7.8,0.99,-100.0,C,C,C,C
25,ON_9_20190507_201951,23,ON_9_20190507_201951_23.bmp,ON,48.95,145.0,606.0,ON,60.0,510.204,800.0,C,C,C,C
26,OFF_10_20190507_202134,23,OFF_10_20190507_202134_23.bmp,OFF,1.088,0.0,-39.3672,OFF,7.8,0.99,-100.0,C,C,C,C
27,ON_11_20190507_202318,23,ON_11_20190507_202318_23.bmp,ON,51.42,145.0,625.6719,ON,60.0,510.204,800.0,C,C,C,C
28,OFF_12_20190507_202502,23,OFF_12_20190507_202502_23.bmp,OFF,7.734,-10.0,-41.7813,OFF,7.8,0.99,-100.0,C,C,C,C
29,ON_1_20181214_194019,15,ON_1_20181214_194019_15.bmp,ON,51.9,140.1,589.8125,ON,60.0,510.204,800.0,C,C,C,C
30,OFF_2_20181214_194147,15,OFF_2_20181214_194147_15.bmp,OFF,1.335,0.0,-30.0469,OFF,7.8,1.02,-100.0,C,C,C,C
31,ON_3_20181214_194327,15,ON_3_20181214_194327_15.bmp,ON,51.55,140.0,569.875,ON,60.0,495.04900000000004,800.0,C,C,C,C
32,OFF_4_20181214_194455,15,OFF_4_20181214_194455_15.bmp,OFF,1.333,0.0,-27.8281,OFF,7.8,0.99,-100.0,C,C,C,C
33,ON_1_20181207_093147,12,ON_1_20181207_093147_12.bmp,ON,52.19,130.0,626.3907,ON,60.0,510.204,800.0,C,C,C,C
34,OFF_2_20181207_093313,12,OFF_2_20181207_093313_12.bmp,OFF,1.189,0.0,12.2813,OFF,7.8,1.02,-100.0,C,C,C,C
35,ON_3_20181207_093453,12,ON_3_20181207_093453_12.bmp,ON,51.88,120.0,610.4219,ON,60.0,495.04900000000004,800.0,C,C,C,C
36,OFF_4_20181207_093620,12,OFF_4_20181207_093620_12.bmp,OFF,1.317,0.0,7.0469,OFF,7.8,0.99,-100.0,C,C,C,C
37,ON_1_20181102_094014,79,ON_1_20181102_094014_79.bmp,ON,37.15,170.0,401.3125,ON,60.0,510.204,800.0,C,C,C,C
38,OFF_2_20181102_094429,79,OFF_2_20181102_094429_79.bmp,OFF,4.627,54.7,-24.8047,OFF,10.0,1.02,-100.0,C,C,NC,C
39,ON_3_20181102_094554,79,ON_3_20181102_094554_79.bmp,ON,36.99,170.0,401.3125,ON,60.0,510.204,800.0,C,C,C,C
40,OFF_4_20181102_094835,79,OFF_4_20181102_094835_79.bmp,OFF,7.979,57.8,-24.9219,OFF,10.0,1.02,-100.0,C,C,NC,C
41,ON_5_20181102_095000,79,ON_5_20181102_095000_79.bmp,ON,36.86,170.0,401.3125,ON,60.0,510.204,800.0,C,C,C,C
42,OFF_6_20181102_095146,79,OFF_6_20181102_095146_79.bmp,OFF,7.999,59.3,-23.7813,OFF,10.0,1.02,-100.0,C,C,NC,C
43,ON_7_20181102_095418,79,ON_7_20181102_095418_79.bmp,ON,37.12,166.4,401.3125,ON,60.0,510.204,800.0,C,C,C,C
44,OFF_8_20181102_095541,79,OFF_8_20181102_095541_79.bmp,OFF,6.868,60.0,-23.2578,OFF,10.0,0.99,-100.0,C,C,NC,C
45,ON_9_20181102_095709,79,ON_9_20181102_095709_79.bmp,ON,36.78,168.9,401.3125,ON,60.0,510.204,800.0,C,C,C,C
46,OFF_10_20181102_095838,79,OFF_10_20181102_095838_79.bmp,OFF,7.901,59.9,-23.0938,OFF,10.0,0.99,-100.0,C,C,NC,C
47,ON_11_20181102_100033,79,ON_11_20181102_100033_79.bmp,ON,36.82,166.0,401.3125,ON,60.0,510.204,800.0,C,C,C,C
48,OFF_12_20181102_100155,79,OFF_12_20181102_100155_79.bmp,OFF,7.999,59.1,-23.4219,OFF,10.0,0.99,-100.0,C,C,NC,C
49,ON_1_20181214_113209,46,ON_1_20181214_113209_46.bmp,ON,50.34,-200.0,203.0313,ON,60.0,510.204,800.0,C,C,C,C
50,OFF_2_20181214_113339,46,OFF_2_20181214_113339_46.bmp,OFF,-1.906,-250.0,-251.9297,OFF,7.8,1.02,-100.0,C,C,C,NC
51,ON_3_20181214_113523,46,ON_3_20181214_113523_46.bmp,ON,50.01,-200.0,182.6875,ON,60.0,495.04900000000004,800.0,C,C,C,C
52,OFF_4_20181214_113653,46,OFF_4_20181214_113653_46.bmp,OFF,-1.906,-250.0,-251.9297,OFF,7.8,0.99,-100.0,C,C,C,NC
53,ON_1_20181123_181943,41,ON_1_20181123_181943_41.bmp,ON,66.84,129.9,590.7188,ON,60.0,510.204,800.0,C,NC,C,C
54,OFF_2_20181123_182105,41,OFF_2_20181123_182105_41.bmp,OFF,8.0,-16.7,-52.1875,OFF,7.8,1.02,-100.0,C,NC,C,C
55,ON_3_20181123_182229,41,ON_3_20181123_182229_41.bmp,ON,66.67,129.6,583.5625,ON,60.0,510.204,800.0,C,NC,C,C
56,OFF_4_20181123_182352,41,OFF_4_20181123_182352_41.bmp,OFF,8.0,-15.3,-52.4297,OFF,7.8,1.02,-100.0,C,NC,C,C
57,ON_5_20181123_182515,41,ON_5_20181123_182515_41.bmp,ON,52.33,127.9,583.375,ON,60.0,510.204,800.0,C,C,C,C
58,OFF_6_20181123_182638,41,OFF_6_20181123_182638_41.bmp,OFF,8.0,-17.3,-52.5469,OFF,7.8,1.02,-100.0,C,NC,C,C
59,ON_7_20181123_182820,41,ON_7_20181123_182820_41.bmp,ON,46.94,120.0,562.6719,ON,60.0,510.204,800.0,C,C,C,C
60,OFF_8_20181123_182943,41,OFF_8_20181123_182943_41.bmp,OFF,7.994,-19.4,-51.2109,OFF,7.8,0.99,-100.0,C,NC,C,C
61,ON_9_20181123_183106,41,ON_9_20181123_183106_41.bmp,ON,47.46,120.0,563.5313,ON,60.0,510.204,800.0,C,C,C,C
62,OFF_10_20181123_183229,41,OFF_10_20181123_183229_41.bmp,OFF,7.985,-19.6,-52.5938,OFF,7.8,0.99,-100.0,C,NC,C,C
63,ON_11_20181123_183353,41,ON_11_20181123_183353_41.bmp,ON,65.97,120.0,563.0469,ON,60.0,510.204,800.0,C,NC,C,C
64,OFF_12_20181123_183516,41,OFF_12_20181123_183516_41.bmp,OFF,7.85,-20.0,-51.8359,OFF,7.8,0.99,-100.0,C,NC,C,C
65,ON_1_20181207_094927,48,ON_1_20181207_094927_48.bmp,ON,74.8,69.4,606.0,ON,60.0,510.204,800.0,C,NC,C,C
66,OFF_2_20181207_095058,48,OFF_2_20181207_095058_48.bmp,OFF,1.151,-60.0,-91.9688,OFF,7.8,1.02,-100.0,C,C,C,C
67,ON_3_20181207_095241,48,ON_3_20181207_095241_48.bmp,ON,52.0,60.0,585.375,ON,60.0,495.04900000000004,800.0,C,C,C,C
68,OFF_4_20181207_095409,48,OFF_4_20181207_095409_48.bmp,OFF,1.134,-70.0,-95.7109,OFF,7.8,0.99,-100.0,C,C,C,C
69,ON_1_20181102_152156,77,ON_1_20181102_152156_77.bmp,ON,37.1,150.0,401.3125,ON,60.0,510.204,800.0,C,C,C,C
70,OFF_2_20181102_152310,77,OFF_2_20181102_152310_77.bmp,OFF,8.0,39.4,-42.9219,OFF,10.0,1.02,-100.0,C,C,NC,C
71,ON_3_20181102_152424,77,ON_3_20181102_152424_77.bmp,ON,36.98,150.0,401.3125,ON,60.0,510.204,800.0,C,C,C,C
72,OFF_4_20181102_152538,77,OFF_4_20181102_152538_77.bmp,OFF,7.83,40.0,-42.0859,OFF,10.0,1.02,-100.0,C,C,NC,C
73,ON_5_20181102_152652,77,ON_5_20181102_152652_77.bmp,ON,36.9,150.0,401.3125,ON,60.0,510.204,800.0,C,C,C,C
74,OFF_6_20181102_152806,77,OFF_6_20181102_152806_77.bmp,OFF,7.997,38.5,-42.9609,OFF,10.0,1.02,-100.0,C,C,NC,C
75,ON_7_20181102_152935,77,ON_7_20181102_152935_77.bmp,ON,55.79,150.0,401.3125,ON,60.0,510.204,800.0,C,C,C,C
76,OFF_8_20181102_153049,77,OFF_8_20181102_153049_77.bmp,OFF,7.768,40.0,-41.7969,OFF,10.0,0.99,-100.0,C,C,NC,C
77,ON_9_20181102_153203,77,ON_9_20181102_153203_77.bmp,ON,55.67,150.0,401.3125,ON,60.0,510.204,800.0,C,C,C,C
78,OFF_10_20181102_153317,77,OFF_10_20181102_153317_77.bmp,OFF,4.59,40.0,-40.9453,OFF,10.0,0.99,-100.0,C,C,NC,C
79,ON_11_20181102_153431,77,ON_11_20181102_153431_77.bmp,ON,55.53,150.0,401.3125,ON,60.0,510.204,800.0,C,C,C,C
80,OFF_12_20181102_153545,77,OFF_12_20181102_153545_77.bmp,OFF,4.449,40.0,-40.8906,OFF,10.0,0.99,-100.0,C,C,NC,C
81,ON_1_20190524_135310,83,ON_1_20190524_135310_83.bmp,ON,44.41,145.0,582.6563,ON,60.0,510.204,800.0,C,C,C,C
82,OFF_2_20190524_135451,83,OFF_2_20190524_135451_83.bmp,OFF,1.455,0.0,-32.6797,OFF,7.8,1.02,-100.0,C,C,C,C
83,ON_3_20190524_135633,83,ON_3_20190524_135633_83.bmp,ON,46.18,145.0,588.1563,ON,60.0,510.204,800.0,C,C,C,C
84,OFF_4_20190524_135814,83,OFF_4_20190524_135814_83.bmp,OFF,1.243,0.0,-33.8828,OFF,7.8,1.02,-100.0,C,C,C,C
85,ON_5_20190524_135956,83,ON_5_20190524_135956_83.bmp,ON,51.2,140.0,589.5938,ON,60.0,510.204,800.0,C,C,C,C
86,OFF_6_20190524_140138,83,OFF_6_20190524_140138_83.bmp,OFF,1.109,0.0,-33.7734,OFF,7.8,1.02,-100.0,C,C,C,C
87,ON_7_20190524_140343,83,ON_7_20190524_140343_83.bmp,ON,44.46,140.0,572.5625,ON,60.0,510.204,800.0,C,C,C,C
88,OFF_8_20190524_140525,83,OFF_8_20190524_140525_83.bmp,OFF,1.416,0.0,-32.2109,OFF,7.8,0.99,-100.0,C,C,C,C
89,ON_9_20190524_140706,83,ON_9_20190524_140706_83.bmp,ON,46.29,140.0,578.125,ON,60.0,510.204,800.0,C,C,C,C
90,OFF_10_20190524_140848,83,OFF_10_20190524_140848_83.bmp,OFF,1.25,0.0,-31.7656,OFF,7.8,0.99,-100.0,C,C,C,C
91,ON_11_20190524_141030,83,ON_11_20190524_141030_83.bmp,ON,51.33,140.0,576.2188,ON,60.0,510.204,800.0,C,C,C,C
92,OFF_12_20190524_141211,83,OFF_12_20190524_141211_83.bmp,OFF,1.151,0.0,-32.9922,OFF,7.8,0.99,-100.0,C,C,C,C
93,ON_1_20190524_133151,84,ON_1_20190524_133151_84.bmp,ON,45.33,140.0,557.3907,ON,60.0,510.204,800.0,C,C,C,C
94,OFF_2_20190524_133333,84,OFF_2_20190524_133333_84.bmp,OFF,1.262,0.0,-35.7031,OFF,7.8,1.02,-100.0,C,C,C,C
95,ON_3_20190524_133514,84,ON_3_20190524_133514_84.bmp,ON,46.16,140.0,562.5625,ON,60.0,510.204,800.0,C,C,C,C
96,OFF_4_20190524_133656,84,OFF_4_20190524_133656_84.bmp,OFF,1.114,-5.0,-43.4453,OFF,7.8,1.02,-100.0,C,C,C,C
97,ON_5_20190524_133837,84,ON_5_20190524_133837_84.bmp,ON,51.19,130.0,564.2657,ON,60.0,510.204,800.0,C,C,C,C
98,OFF_6_20190524_134019,84,OFF_6_20190524_134019_84.bmp,OFF,0.978,-10.0,-47.9141,OFF,7.8,1.02,-100.0,C,C,C,C
99,ON_7_20190524_134225,84,ON_7_20190524_134225_84.bmp,ON,44.16,140.0,565.6719,ON,60.0,510.204,800.0,C,C,C,C
100,OFF_8_20190524_134406,84,OFF_8_20190524_134406_84.bmp,OFF,1.294,0.0,-34.6328,OFF,7.8,0.99,-100.0,C,C,C,C
101,ON_9_20190524_134548,84,ON_9_20190524_134548_84.bmp,ON,46.29,135.0,567.7813,ON,60.0,510.204,800.0,C,C,C,C
102,OFF_10_20190524_134730,84,OFF_10_20190524_134730_84.bmp,OFF,1.09,0.0,-36.4219,OFF,7.8,0.99,-100.0,C,C,C,C
103,ON_11_20190524_134911,84,ON_11_20190524_134911_84.bmp,ON,51.33,135.0,566.4063,ON,60.0,510.204,800.0,C,C,C,C
104,OFF_12_20190524_135053,84,OFF_12_20190524_135053_84.bmp,OFF,0.989,0.0,-38.1875,OFF,7.8,0.99,-100.0,C,C,C,C
105,ON_1_20181129_183910,70,ON_1_20181129_183910_70.bmp,ON,52.45,190.0,651.2344,ON,60.0,510.204,800.0,C,C,C,C
106,OFF_2_20181129_184031,70,OFF_2_20181129_184031_70.bmp,OFF,1.345,60.0,29.5703,OFF,7.8,1.02,-100.0,C,C,NC,C
107,ON_3_20181129_184152,70,ON_3_20181129_184152_70.bmp,ON,52.27,190.0,651.8438,ON,60.0,510.204,800.0,C,C,C,C
108,OFF_4_20181129_184313,70,OFF_4_20181129_184313_70.bmp,OFF,1.189,60.0,26.7656,OFF,7.8,1.02,-100.0,C,C,NC,C
109,ON_5_20181129_184434,70,ON_5_20181129_184434_70.bmp,ON,52.37,189.3,646.4219,ON,60.0,510.204,800.0,C,C,C,C
110,OFF_6_20181129_184555,70,OFF_6_20181129_184555_70.bmp,OFF,1.072,60.0,23.8906,OFF,7.8,1.02,-100.0,C,C,NC,C
111,ON_7_20181129_184735,70,ON_7_20181129_184735_70.bmp,ON,52.15,180.0,627.0157,ON,60.0,510.204,800.0,C,C,C,C
112,OFF_8_20181129_184856,70,OFF_8_20181129_184856_70.bmp,OFF,1.356,58.5,24.7813,OFF,7.8,0.99,-100.0,C,C,NC,C
113,ON_9_20181129_185017,70,ON_9_20181129_185017_70.bmp,ON,51.97,180.0,629.3282,ON,60.0,510.204,800.0,C,C,C,C
114,OFF_10_20181129_185138,70,OFF_10_20181129_185138_70.bmp,OFF,1.199,57.3,23.6875,OFF,7.8,0.99,-100.0,C,C,NC,C
115,ON_11_20181129_185259,70,ON_11_20181129_185259_70.bmp,ON,52.26,180.0,628.5938,ON,60.0,510.204,800.0,C,C,C,C
116,OFF_12_20181129_185420,70,OFF_12_20181129_185420_70.bmp,OFF,1.072,55.2,23.7656,OFF,7.8,0.99,-100.0,C,C,NC,C
117,ON_1_20181205_084136,13,ON_1_20181205_084136_13.bmp,ON,49.36,120.0,472.9688,ON,60.0,510.204,800.0,C,C,C,C
118,OFF_2_20181205_084307,13,OFF_2_20181205_084307_13.bmp,OFF,1.235,0.0,-36.6719,OFF,7.8,1.02,-100.0,C,C,C,C
119,ON_3_20181205_084451,13,ON_3_20181205_084451_13.bmp,ON,49.17,120.0,456.6563,ON,60.0,495.04900000000004,800.0,C,C,C,C
120,OFF_4_20181205_084622,13,OFF_4_20181205_084622_13.bmp,OFF,1.236,0.0,-28.1328,OFF,7.8,0.99,-100.0,C,C,C,C
121,ON_1_20181125_175944,14,ON_1_20181125_175944_14.bmp,ON,51.08,120.0,656.3438,ON,60.0,510.204,800.0,C,C,C,C
122,OFF_2_20181125_180113,14,OFF_2_20181125_180113_14.bmp,OFF,1.292,0.0,-33.1719,OFF,7.8,1.02,-100.0,C,C,C,C
123,ON_3_20181125_180255,14,ON_3_20181125_180255_14.bmp,ON,50.75,120.0,637.3125,ON,60.0,495.04900000000004,800.0,C,C,C,C
124,OFF_4_20181125_180425,14,OFF_4_20181125_180425_14.bmp,OFF,1.295,0.0,-31.6172,OFF,7.8,0.99,-100.0,C,C,C,C
125,ON_1_20190509_172117,22,ON_1_20190509_172117_22.bmp,ON,47.91,165.0,621.5625,ON,60.0,510.204,800.0,C,C,C,C
126,OFF_2_20190509_172301,22,OFF_2_20190509_172301_22.bmp,OFF,1.311,20.0,-24.5547,OFF,7.8,1.02,-100.0,C,C,NC,C
127,ON_3_20190509_172445,22,ON_3_20190509_172445_22.bmp,ON,47.31,155.0,683.9532,ON,60.0,510.204,800.0,C,C,C,C
128,OFF_4_20190509_172629,22,OFF_4_20190509_172629_22.bmp,OFF,1.12,0.0,-37.4531,OFF,7.8,1.02,-100.0,C,C,C,C
129,ON_5_20190509_172813,22,ON_5_20190509_172813_22.bmp,ON,51.22,140.0,669.3282,ON,60.0,510.204,800.0,C,C,C,C
130,OFF_6_20190509_172957,22,OFF_6_20190509_172957_22.bmp,OFF,1.006,-10.0,-51.4141,OFF,7.8,1.02,-100.0,C,C,C,C
131,ON_7_20190509_173204,22,ON_7_20190509_173204_22.bmp,ON,47.1,125.0,572.7344,ON,60.0,510.204,800.0,C,C,C,C
132,OFF_8_20190509_173348,22,OFF_8_20190509_173348_22.bmp,OFF,1.334,-15.0,-59.4531,OFF,7.8,0.99,-100.0,C,C,C,C
133,ON_9_20190509_173532,22,ON_9_20190509_173532_22.bmp,ON,46.81,115.0,639.6875,ON,60.0,510.204,800.0,C,C,C,C
134,OFF_10_20190509_173716,22,OFF_10_20190509_173716_22.bmp,OFF,1.142,-20.0,-65.8281,OFF,7.8,0.99,-100.0,C,C,C,C
135,ON_11_20190509_173900,22,ON_11_20190509_173900_22.bmp,ON,51.2,110.0,638.4063,ON,60.0,510.204,800.0,C,C,C,C
136,OFF_12_20190509_174044,22,OFF_12_20190509_174044_22.bmp,OFF,1.009,-30.0,-71.5156,OFF,7.8,0.99,-100.0,C,C,C,C
137,ON_1_20190429_185829,25,ON_1_20190429_185829_25.bmp,ON,47.3,180.0,660.5313,ON,60.0,510.204,800.0,C,C,C,C
138,OFF_2_20190429_190009,25,OFF_2_20190429_190009_25.bmp,OFF,1.328,25.0,-12.6094,OFF,7.8,1.02,-100.0,C,C,NC,C
139,ON_3_20190429_190149,25,ON_3_20190429_190149_25.bmp,ON,47.09,180.0,733.2813,ON,60.0,510.204,800.0,C,C,C,C
140,OFF_4_20190429_190329,25,OFF_4_20190429_190329_25.bmp,OFF,1.147,25.0,-13.8125,OFF,7.8,1.02,-100.0,C,C,NC,C
141,ON_5_20190429_190509,25,ON_5_20190429_190509_25.bmp,ON,51.21,180.0,732.4063,ON,60.0,510.204,800.0,C,C,C,C
142,OFF_6_20190429_190649,25,OFF_6_20190429_190649_25.bmp,OFF,7.889,20.0,-13.8516,OFF,7.8,1.02,-100.0,C,NC,NC,C
143,ON_7_20190429_190851,25,ON_7_20190429_190851_25.bmp,ON,47.01,175.0,638.0157,ON,60.0,510.204,800.0,C,C,C,C
144,OFF_8_20190429_191031,25,OFF_8_20190429_191031_25.bmp,OFF,7.811,20.0,-12.3125,OFF,7.8,0.99,-100.0,C,NC,NC,C
145,ON_9_20190429_191211,25,ON_9_20190429_191211_25.bmp,ON,46.81,175.0,711.4688,ON,60.0,510.204,800.0,C,C,C,C
146,OFF_10_20190429_191351,25,OFF_10_20190429_191351_25.bmp,OFF,6.99,20.0,-12.9766,OFF,7.8,0.99,-100.0,C,C,NC,C
147,ON_11_20190429_191531,25,ON_11_20190429_191531_25.bmp,ON,47.55,175.0,712.8282,ON,60.0,510.204,800.0,C,C,C,C
148,OFF_12_20190429_191711,25,OFF_12_20190429_191711_25.bmp,OFF,3.378,20.0,-12.7578,OFF,7.8,0.99,-100.0,C,C,NC,C
149,ON_1_20181117_150827,71,ON_1_20181117_150827_71.bmp,ON,37.07,160.0,401.3125,ON,60.0,510.204,800.0,C,C,C,C
150,OFF_2_20181117_150946,71,OFF_2_20181117_150946_71.bmp,OFF,4.817,50.0,-30.5469,OFF,10.0,1.02,-100.0,C,C,NC,C
151,ON_3_20181117_151104,71,ON_3_20181117_151104_71.bmp,ON,36.92,160.5,401.3125,ON,60.0,510.204,800.0,C,C,C,C
152,OFF_4_20181117_151223,71,OFF_4_20181117_151223_71.bmp,OFF,4.595,50.0,-30.1172,OFF,10.0,1.02,-100.0,C,C,NC,C
153,ON_5_20181117_151342,71,ON_5_20181117_151342_71.bmp,ON,36.85,160.8,401.3125,ON,60.0,510.204,800.0,C,C,C,C
154,OFF_6_20181117_151500,71,OFF_6_20181117_151500_71.bmp,OFF,6.533,50.0,-31.0156,OFF,10.0,1.02,-100.0,C,C,NC,C
155,ON_7_20181117_151638,71,ON_7_20181117_151638_71.bmp,ON,36.95,160.0,401.3125,ON,60.0,510.204,800.0,C,C,C,C
156,OFF_8_20181117_151756,71,OFF_8_20181117_151756_71.bmp,OFF,5.181,50.0,-32.25,OFF,10.0,0.99,-100.0,C,C,NC,C
157,ON_9_20181117_151915,71,ON_9_20181117_151915_71.bmp,ON,56.48,160.0,401.3125,ON,60.0,510.204,800.0,C,C,C,C
158,OFF_10_20181117_152033,71,OFF_10_20181117_152033_71.bmp,OFF,4.675,50.0,-30.0234,OFF,10.0,0.99,-100.0,C,C,NC,C
159,ON_11_20181117_152152,71,ON_11_20181117_152152_71.bmp,ON,56.63,160.0,401.3125,ON,60.0,510.204,800.0,C,C,C,C
160,OFF_12_20181117_152310,71,OFF_12_20181117_152310_71.bmp,OFF,4.561,50.0,-31.0391,OFF,10.0,0.99,-100.0,C,C,NC,C
161,ON_1_20190523_142712,85,ON_1_20190523_142712_85.bmp,ON,44.32,160.0,599.1719,ON,60.0,510.204,800.0,C,C,C,C
162,OFF_2_20190523_142857,85,OFF_2_20190523_142857_85.bmp,OFF,1.275,15.0,-21.2109,OFF,7.8,1.02,-100.0,C,C,NC,C
163,ON_3_20190523_143041,85,ON_3_20190523_143041_85.bmp,ON,46.17,155.0,606.1875,ON,60.0,510.204,800.0,C,C,C,C
164,OFF_4_20190523_143225,85,OFF_4_20190523_143225_85.bmp,OFF,1.232,10.0,-23.8906,OFF,7.8,1.02,-100.0,C,C,NC,C
165,ON_5_20190523_143410,85,ON_5_20190523_143410_85.bmp,ON,51.31,150.0,599.875,ON,60.0,510.204,800.0,C,C,C,C
166,OFF_6_20190523_143554,85,OFF_6_20190523_143554_85.bmp,OFF,0.986,10.0,-27.9297,OFF,7.8,1.02,-100.0,C,C,NC,C
167,ON_7_20190523_143804,85,ON_7_20190523_143804_85.bmp,ON,44.31,140.0,578.4063,ON,60.0,510.204,800.0,C,C,C,C
168,OFF_8_20190523_143949,85,OFF_8_20190523_143949_85.bmp,OFF,1.278,0.0,-33.7422,OFF,7.8,0.99,-100.0,C,C,C,C
169,ON_9_20190523_144133,85,ON_9_20190523_144133_85.bmp,ON,46.18,140.0,581.2188,ON,60.0,510.204,800.0,C,C,C,C
170,OFF_10_20190523_144317,85,OFF_10_20190523_144317_85.bmp,OFF,1.091,0.0,-35.3438,OFF,7.8,0.99,-100.0,C,C,C,C
171,ON_11_20190523_144500,85,ON_11_20190523_144500_85.bmp,ON,51.33,140.0,580.4688,ON,60.0,510.204,800.0,C,C,C,C
172,OFF_12_20190523_144642,85,OFF_12_20190523_144642_85.bmp,OFF,0.973,0.0,-35.3047,OFF,7.8,0.99,-100.0,C,C,C,C
173,ON_1_20181207_032720,49,ON_1_20181207_032720_49.bmp,ON,52.67,70.0,607.5782,ON,60.0,510.204,800.0,C,C,C,C
174,OFF_2_20181207_032849,49,OFF_2_20181207_032849_49.bmp,OFF,1.13,-60.0,-89.8672,OFF,7.8,1.02,-100.0,C,C,C,C
175,ON_3_20181207_033030,49,ON_3_20181207_033030_49.bmp,ON,75.28,68.3,589.9532,ON,60.0,495.04900000000004,800.0,C,NC,C,C
176,OFF_4_20181207_033159,49,OFF_4_20181207_033159_49.bmp,OFF,1.126,-60.0,-87.7891,OFF,7.8,0.99,-100.0,C,C,C,C
177,ON_1_20181105_175914,82,ON_1_20181105_175914_82.bmp,ON,56.65,148.6,401.3125,ON,60.0,510.204,800.0,C,C,C,C
178,OFF_2_20181105_180026,82,OFF_2_20181105_180026_82.bmp,OFF,4.688,30.0,-49.0547,OFF,10.0,1.02,-100.0,C,C,NC,C
179,ON_3_20181105_180138,82,ON_3_20181105_180138_82.bmp,ON,56.51,149.0,401.3125,ON,60.0,510.204,800.0,C,C,C,C
180,OFF_4_20181105_180250,82,OFF_4_20181105_180250_82.bmp,OFF,4.47,30.0,-49.6875,OFF,10.0,1.02,-100.0,C,C,NC,C
181,ON_5_20181105_180402,82,ON_5_20181105_180402_82.bmp,ON,56.39,149.3,401.3125,ON,60.0,510.204,800.0,C,C,C,C
182,OFF_6_20181105_180514,82,OFF_6_20181105_180514_82.bmp,OFF,4.339,30.0,-48.2266,OFF,10.0,1.02,-100.0,C,C,NC,C
183,ON_7_20181105_180641,82,ON_7_20181105_180641_82.bmp,ON,37.01,141.9,401.3125,ON,60.0,510.204,800.0,C,C,C,C
184,OFF_8_20181105_180753,82,OFF_8_20181105_180753_82.bmp,OFF,4.602,30.0,-48.0,OFF,10.0,0.99,-100.0,C,C,NC,C
185,ON_9_20181105_180905,82,ON_9_20181105_180905_82.bmp,ON,36.89,140.5,401.3125,ON,60.0,510.204,800.0,C,C,C,C
186,OFF_10_20181105_181017,82,OFF_10_20181105_181017_82.bmp,OFF,4.421,30.0,-47.4063,OFF,10.0,0.99,-100.0,C,C,NC,C
187,ON_11_20181105_181129,82,ON_11_20181105_181129_82.bmp,ON,36.78,141.9,401.3125,ON,60.0,510.204,800.0,C,C,C,C
188,OFF_12_20181105_181241,82,OFF_12_20181105_181241_82.bmp,OFF,4.312,30.0,-48.6484,OFF,10.0,0.99,-100.0,C,C,NC,C
189,ON_1_20181110_104128,76,ON_1_20181110_104128_76.bmp,ON,36.86,188.9,401.3125,ON,60.0,510.204,800.0,C,C,C,C
190,OFF_2_20181110_104247,76,OFF_2_20181110_104247_76.bmp,OFF,4.638,70.0,-5.8516,OFF,10.0,1.02,-100.0,C,C,NC,C
191,ON_3_20181110_104406,76,ON_3_20181110_104406_76.bmp,ON,36.72,188.3,401.3125,ON,60.0,510.204,800.0,C,C,C,C
192,OFF_4_20181110_104525,76,OFF_4_20181110_104525_76.bmp,OFF,4.435,70.0,-5.1641,OFF,10.0,1.02,-100.0,C,C,NC,C
193,ON_5_20181110_104644,76,ON_5_20181110_104644_76.bmp,ON,36.62,188.2,401.3125,ON,60.0,510.204,800.0,C,C,C,C
194,OFF_6_20181110_104803,76,OFF_6_20181110_104803_76.bmp,OFF,4.348,70.0,-7.375,OFF,10.0,1.02,-100.0,C,C,NC,C
195,ON_7_20181110_104935,76,ON_7_20181110_104935_76.bmp,ON,36.92,181.0,401.3125,ON,60.0,510.204,800.0,C,C,C,C
196,OFF_8_20181110_105052,76,OFF_8_20181110_105052_76.bmp,OFF,4.579,70.0,-5.8672,OFF,10.0,0.99,-100.0,C,C,NC,C
197,ON_9_20181110_105209,76,ON_9_20181110_105209_76.bmp,ON,36.79,181.2,401.3125,ON,60.0,510.204,800.0,C,C,C,C
198,OFF_10_20181110_105325,76,OFF_10_20181110_105325_76.bmp,OFF,6.804,70.0,-5.2031,OFF,10.0,0.99,-100.0,C,C,NC,C
199,ON_11_20181110_105442,76,ON_11_20181110_105442_76.bmp,ON,36.72,181.7,401.3125,ON,60.0,510.204,800.0,C,C,C,C
200,OFF_12_20181110_105559,76,OFF_12_20181110_105559_76.bmp,OFF,5.626,70.0,-5.875,OFF,10.0,0.99,-100.0,C,C,NC,C
201,ON_1_20181123_204451,40,ON_1_20181123_204451_40.bmp,ON,66.72,130.0,581.9219,ON,60.0,510.204,800.0,C,NC,C,C
202,OFF_2_20181123_204611,40,OFF_2_20181123_204611_40.bmp,OFF,1.407,-10.0,-49.3359,OFF,7.8,1.02,-100.0,C,C,C,C
203,ON_3_20181123_204732,40,ON_3_20181123_204732_40.bmp,ON,66.54,130.0,585.7969,ON,60.0,510.204,800.0,C,NC,C,C
204,OFF_4_20181123_204853,40,OFF_4_20181123_204853_40.bmp,OFF,4.138,-10.0,-49.8047,OFF,7.8,1.02,-100.0,C,C,C,C
205,ON_5_20181123_205013,40,ON_5_20181123_205013_40.bmp,ON,66.45,130.0,584.1563,ON,60.0,510.204,800.0,C,NC,C,C
206,OFF_6_20181123_205134,40,OFF_6_20181123_205134_40.bmp,OFF,7.68,-10.0,-50.3359,OFF,7.8,1.02,-100.0,C,C,C,C
207,ON_7_20181123_205314,40,ON_7_20181123_205314_40.bmp,ON,46.6,122.8,566.7657,ON,60.0,510.204,800.0,C,C,C,C
208,OFF_8_20181123_205434,40,OFF_8_20181123_205434_40.bmp,OFF,7.944,-10.1,-49.1406,OFF,7.8,0.99,-100.0,C,NC,C,C
209,ON_9_20181123_205555,40,ON_9_20181123_205555_40.bmp,ON,47.46,120.3,565.875,ON,60.0,510.204,800.0,C,C,C,C
210,OFF_10_20181123_205716,40,OFF_10_20181123_205716_40.bmp,OFF,8.0,-11.9,-51.4063,OFF,7.8,0.99,-100.0,C,NC,C,C
211,ON_11_20181123_205837,40,ON_11_20181123_205837_40.bmp,ON,52.32,120.3,566.6563,ON,60.0,510.204,800.0,C,C,C,C
212,OFF_12_20181123_205957,40,OFF_12_20181123_205957_40.bmp,OFF,7.985,-11.3,-51.1016,OFF,7.8,0.99,-100.0,C,NC,C,C
213,ON_1_20181102_125535,78,ON_1_20181102_125535_78.bmp,ON,37.06,160.7,401.3125,ON,60.0,510.204,800.0,C,C,C,C
214,OFF_2_20181102_125650,78,OFF_2_20181102_125650_78.bmp,OFF,4.807,50.0,-31.3359,OFF,10.0,1.02,-100.0,C,C,NC,C
215,ON_3_20181102_125807,78,ON_3_20181102_125807_78.bmp,ON,36.9,160.1,401.3125,ON,60.0,510.204,800.0,C,C,C,C
216,OFF_4_20181102_125924,78,OFF_4_20181102_125924_78.bmp,OFF,4.819,50.0,-32.1328,OFF,10.0,1.02,-100.0,C,C,NC,C
217,ON_5_20181102_130040,78,ON_5_20181102_130040_78.bmp,ON,36.86,160.2,401.3125,ON,60.0,510.204,800.0,C,C,C,C
218,OFF_6_20181102_130154,78,OFF_6_20181102_130154_78.bmp,OFF,4.627,50.0,-31.875,OFF,10.0,1.02,-100.0,C,C,NC,C
219,ON_7_20181102_130326,78,ON_7_20181102_130326_78.bmp,ON,37.12,159.5,401.3125,ON,60.0,510.204,800.0,C,C,C,C
220,OFF_8_20181102_130442,78,OFF_8_20181102_130442_78.bmp,OFF,7.838,50.0,-30.9531,OFF,10.0,0.99,-100.0,C,C,NC,C
221,ON_9_20181102_130557,78,ON_9_20181102_130557_78.bmp,ON,36.93,159.6,401.3125,ON,60.0,510.204,800.0,C,C,C,C
222,OFF_10_20181102_130713,78,OFF_10_20181102_130713_78.bmp,OFF,6.327,50.0,-31.2031,OFF,10.0,0.99,-100.0,C,C,NC,C
223,ON_11_20181102_130828,78,ON_11_20181102_130828_78.bmp,ON,36.76,159.9,401.3125,ON,60.0,510.204,800.0,C,C,C,C
224,OFF_12_20181102_130945,78,OFF_12_20181102_130945_78.bmp,OFF,7.952,49.9,-32.4375,OFF,10.0,0.99,-100.0,C,C,NC,C
225,ON_1_20181207_095838,47,ON_1_20181207_095838_47.bmp,ON,52.51,60.1,602.4375,ON,60.0,510.204,800.0,C,C,C,C
226,OFF_2_20181207_100009,47,OFF_2_20181207_100009_47.bmp,OFF,1.121,-69.3,-95.5859,OFF,7.8,1.02,-100.0,C,C,C,C
227,ON_3_20181207_100153,47,ON_3_20181207_100153_47.bmp,ON,52.07,60.0,586.1094,ON,60.0,495.04900000000004,800.0,C,C,C,C
228,OFF_4_20181207_100325,47,OFF_4_20181207_100325_47.bmp,OFF,1.132,-68.0,-95.125,OFF,7.8,0.99,-100.0,C,C,C,C
229,ON_1_20181122_202029,65,ON_1_20181122_202029_65.bmp,ON,47.28,143.2,401.3125,ON,60.0,510.204,800.0,C,C,C,C
230,OFF_2_20181122_202158,65,OFF_2_20181122_202158_65.bmp,OFF,1.387,0.0,-31.6641,OFF,7.8,1.02,-100.0,C,C,C,C
231,ON_3_20181122_202341,65,ON_3_20181122_202341_65.bmp,ON,66.27,140.0,401.3125,ON,60.0,495.04900000000004,800.0,C,NC,C,C
232,OFF_4_20181122_202510,65,OFF_4_20181122_202510_65.bmp,OFF,1.391,0.0,-31.4453,OFF,7.8,0.99,-100.0,C,C,C,C
233,ON_1_20181207_104648,91,ON_1_20181207_104648_91.bmp,ON,52.33,170.4,627.6563,ON,60.0,510.204,800.0,C,C,C,C
234,OFF_2_20181207_104815,91,OFF_2_20181207_104815_91.bmp,OFF,7.996,41.3,14.4844,OFF,7.8,1.02,-100.0,C,NC,NC,C
235,ON_3_20181207_104956,91,ON_3_20181207_104956_91.bmp,ON,52.01,170.0,612.8125,ON,60.0,495.04900000000004,800.0,C,C,C,C
236,OFF_4_20181207_105123,91,OFF_4_20181207_105123_91.bmp,OFF,7.983,41.1,14.0391,OFF,7.8,0.99,-100.0,C,NC,NC,C
237,ON_1_20181126_124327,62,ON_1_20181126_124327_62.bmp,ON,89.54,10.4,469.125,ON,60.0,510.204,800.0,C,NC,C,C
238,OFF_2_20181126_124457,62,OFF_2_20181126_124457_62.bmp,OFF,1.166,-110.0,-151.1641,OFF,7.8,1.02,-100.0,C,C,C,NC
239,ON_3_20181126_124640,62,ON_3_20181126_124640_62.bmp,ON,52.13,113.4,633.1719,ON,60.0,495.04900000000004,800.0,C,C,C,C
240,OFF_4_20181126_124810,62,OFF_4_20181126_124810_62.bmp,OFF,1.226,-10.0,-44.7266,OFF,7.8,0.99,-100.0,C,C,C,C
241,ON_1_20181205_081154,54,ON_1_20181205_081154_54.bmp,ON,-9.06,-49.8,-44.2656,ON,60.0,510.204,800.0,C,C,C,C
242,OFF_2_20181205_081322,54,OFF_2_20181205_081322_54.bmp,OFF,-1.906,-50.0,-54.0859,OFF,7.8,1.02,-100.0,C,C,C,C
243,ON_3_20181205_081502,54,ON_3_20181205_081502_54.bmp,ON,-9.06,-50.0,-45.0313,ON,60.0,495.04900000000004,800.0,C,C,C,C
244,OFF_4_20181205_081630,54,OFF_4_20181205_081630_54.bmp,OFF,-1.906,-50.0,-53.3047,OFF,7.8,0.99,-100.0,C,C,C,C
245,ON_1_20181205_081913,53,ON_1_20181205_081913_53.bmp,ON,-9.06,-200.0,-202.6406,ON,60.0,510.204,800.0,C,C,C,C
246,OFF_2_20181205_082043,53,OFF_2_20181205_082043_53.bmp,OFF,-1.906,-250.0,-251.9297,OFF,7.8,1.02,-100.0,C,C,C,NC
247,ON_3_20181205_082227,53,ON_3_20181205_082227_53.bmp,ON,-9.06,-200.0,-202.6406,ON,60.0,495.04900000000004,800.0,C,C,C,C
248,OFF_4_20181205_082358,53,OFF_4_20181205_082358_53.bmp,OFF,-1.906,-250.0,-251.9297,OFF,7.8,0.99,-100.0,C,C,C,NC
249,ON_1_20181112_201756,98,ON_1_20181112_201756_98.bmp,ON,56.49,160.0,401.3125,ON,60.0,510.204,800.0,C,C,C,C
250,OFF_2_20181112_201917,98,OFF_2_20181112_201917_98.bmp,OFF,8.0,49.3,-34.3281,OFF,10.0,1.02,-100.0,C,C,NC,C
251,ON_3_20181112_202051,98,ON_3_20181112_202051_98.bmp,ON,36.69,157.1,401.3125,ON,60.0,495.04900000000004,800.0,C,C,C,C
252,OFF_4_20181112_202213,98,OFF_4_20181112_202213_98.bmp,OFF,7.986,46.8,-32.5859,OFF,10.0,0.99,-100.0,C,C,NC,C
253,ON_1_20181125_160448,38,ON_1_20181125_160448_38.bmp,ON,52.53,120.2,658.3282,ON,60.0,510.204,800.0,C,C,C,C
254,OFF_2_20181125_160610,38,OFF_2_20181125_160610_38.bmp,OFF,7.566,-10.0,-38.8516,OFF,7.8,1.02,-100.0,C,C,C,C
255,ON_3_20181125_160732,38,ON_3_20181125_160732_38.bmp,ON,52.27,120.0,654.4063,ON,60.0,510.204,800.0,C,C,C,C
256,OFF_4_20181125_160855,38,OFF_4_20181125_160855_38.bmp,OFF,1.284,-10.0,-41.9063,OFF,7.8,1.02,-100.0,C,C,C,C
257,ON_5_20181125_161017,38,ON_5_20181125_161017_38.bmp,ON,52.41,120.0,652.0157,ON,60.0,510.204,800.0,C,C,C,C
258,OFF_6_20181125_161140,38,OFF_6_20181125_161140_38.bmp,OFF,3.232,-10.0,-45.5781,OFF,7.8,1.02,-100.0,C,C,C,C
259,ON_7_20181125_161322,38,ON_7_20181125_161322_38.bmp,ON,52.14,110.0,632.4063,ON,60.0,510.204,800.0,C,C,C,C
260,OFF_8_20181125_161445,38,OFF_8_20181125_161445_38.bmp,OFF,7.346,-10.0,-44.2813,OFF,7.8,0.99,-100.0,C,C,C,C
261,ON_9_20181125_161608,38,ON_9_20181125_161608_38.bmp,ON,51.97,110.0,632.8438,ON,60.0,510.204,800.0,C,C,C,C
262,OFF_10_20181125_161731,38,OFF_10_20181125_161731_38.bmp,OFF,8.0,-12.1,-46.6797,OFF,7.8,0.99,-100.0,C,NC,C,C
263,ON_11_20181125_161854,38,ON_11_20181125_161854_38.bmp,ON,52.42,110.0,631.3125,ON,60.0,510.204,800.0,C,C,C,C
264,OFF_12_20181125_162016,38,OFF_12_20181125_162016_38.bmp,OFF,7.999,-18.5,-46.7188,OFF,7.8,0.99,-100.0,C,NC,C,C
265,ON_1_20181214_080050,7,ON_1_20181214_080050_7.bmp,ON,52.08,120.0,554.0,ON,60.0,510.204,800.0,C,C,C,C
266,OFF_2_20181214_080211,7,OFF_2_20181214_080211_7.bmp,OFF,1.328,0.0,-29.1016,OFF,7.8,1.02,-100.0,C,C,C,C
267,ON_3_20181214_080333,7,ON_3_20181214_080333_7.bmp,ON,51.85,120.0,556.4844,ON,60.0,510.204,800.0,C,C,C,C
268,OFF_4_20181214_080455,7,OFF_4_20181214_080455_7.bmp,OFF,1.344,0.0,-29.625,OFF,7.8,1.02,-100.0,C,C,C,C
269,ON_5_20181214_080616,7,ON_5_20181214_080616_7.bmp,ON,52.53,120.0,557.4844,ON,60.0,510.204,800.0,C,C,C,C
270,OFF_6_20181214_080738,7,OFF_6_20181214_080738_7.bmp,OFF,1.047,0.0,-27.5156,OFF,7.8,1.02,-100.0,C,C,C,C
271,ON_7_20181214_080919,7,ON_7_20181214_080919_7.bmp,ON,51.69,120.0,539.7657,ON,60.0,510.204,800.0,C,C,C,C
272,OFF_8_20181214_081040,7,OFF_8_20181214_081040_7.bmp,OFF,1.328,0.1,-27.6328,OFF,7.8,0.99,-100.0,C,C,C,C
273,ON_9_20181214_081202,7,ON_9_20181214_081202_7.bmp,ON,51.49,120.0,538.9532,ON,60.0,510.204,800.0,C,C,C,C
274,OFF_10_20181214_081324,7,OFF_10_20181214_081324_7.bmp,OFF,1.152,0.0,-26.4219,OFF,7.8,0.99,-100.0,C,C,C,C
275,ON_11_20181214_081445,7,ON_11_20181214_081445_7.bmp,ON,52.33,120.0,541.4063,ON,60.0,510.204,800.0,C,C,C,C
276,OFF_12_20181214_081607,7,OFF_12_20181214_081607_7.bmp,OFF,1.031,0.0,-27.2891,OFF,7.8,0.99,-100.0,C,C,C,C
277,ON_1_20181125_165657,36,ON_1_20181125_165657_36.bmp,ON,51.0,110.6,561.1407,ON,60.0,510.204,800.0,C,C,C,C
278,OFF_2_20181125_165820,36,OFF_2_20181125_165820_36.bmp,OFF,7.993,-16.3,-47.0078,OFF,7.8,1.02,-100.0,C,NC,C,C
279,ON_3_20181125_165943,36,ON_3_20181125_165943_36.bmp,ON,52.02,115.7,653.3125,ON,60.0,510.204,800.0,C,C,C,C
280,OFF_4_20181125_170107,36,OFF_4_20181125_170107_36.bmp,OFF,7.978,-11.0,-46.125,OFF,7.8,1.02,-100.0,C,NC,C,C
281,ON_5_20181125_170230,36,ON_5_20181125_170230_36.bmp,ON,52.39,,,ON,60.0,,,C,C,,
282,ON_1_20181214_080050,31,ON_1_20181214_080050_31.bmp,ON,52.08,120.0,554.0,ON,60.0,510.204,800.0,C,C,C,C
283,OFF_2_20181214_080211,31,OFF_2_20181214_080211_31.bmp,OFF,6.798,-10.0,-39.1016,OFF,7.8,1.02,-100.0,C,C,C,C
284,ON_3_20181214_080333,31,ON_3_20181214_080333_31.bmp,ON,51.85,120.0,556.4844,ON,60.0,510.204,800.0,C,C,C,C
285,OFF_4_20181214_080455,31,OFF_4_20181214_080455_31.bmp,OFF,1.344,-10.0,-39.625,OFF,7.8,1.02,-100.0,C,C,C,C
286,ON_5_20181214_080616,31,ON_5_20181214_080616_31.bmp,ON,52.53,120.0,557.4844,ON,60.0,510.204,800.0,C,C,C,C
287,OFF_6_20181214_080738,31,OFF_6_20181214_080738_31.bmp,OFF,7.997,-8.9,-37.5156,OFF,7.8,1.02,-100.0,C,NC,C,C
288,ON_7_20181214_080919,31,ON_7_20181214_080919_31.bmp,ON,51.69,120.0,539.7657,ON,60.0,510.204,800.0,C,C,C,C
289,OFF_8_20181214_081040,31,OFF_8_20181214_081040_31.bmp,OFF,7.915,-9.3,-37.6328,OFF,7.8,0.99,-100.0,C,NC,C,C
290,ON_9_20181214_081202,31,ON_9_20181214_081202_31.bmp,ON,51.49,120.0,538.9532,ON,60.0,510.204,800.0,C,C,C,C
291,OFF_10_20181214_081324,31,OFF_10_20181214_081324_31.bmp,OFF,7.939,-9.5,-36.4219,OFF,7.8,0.99,-100.0,C,NC,C,C
292,ON_11_20181214_081445,31,ON_11_20181214_081445_31.bmp,ON,52.33,120.0,541.4063,ON,60.0,510.204,800.0,C,C,C,C
293,OFF_12_20181214_081607,31,OFF_12_20181214_081607_31.bmp,OFF,8.0,-8.4,-37.2891,OFF,7.8,0.99,-100.0,C,NC,C,C
294,ON_1_20181205_084136,52,ON_1_20181205_084136_52.bmp,ON,49.36,70.0,472.9688,ON,60.0,510.204,800.0,C,C,C,C
295,OFF_2_20181205_084307,52,OFF_2_20181205_084307_52.bmp,OFF,1.235,-52.5,-86.6719,OFF,7.8,1.02,-100.0,C,C,C,C
296,ON_3_20181205_084451,52,ON_3_20181205_084451_52.bmp,ON,49.17,70.0,456.6563,ON,60.0,495.04900000000004,800.0,C,C,C,C
297,OFF_4_20181205_084622,52,OFF_4_20181205_084622_52.bmp,OFF,1.236,-56.9,-88.1328,OFF,7.8,0.99,-100.0,C,C,C,C
298,ON_1_20181112_102311,99,ON_1_20181112_102311_99.bmp,ON,36.83,162.0,401.3125,ON,60.0,510.204,800.0,C,C,C,C
299,OFF_2_20181112_102435,99,OFF_2_20181112_102435_99.bmp,OFF,4.594,50.0,-30.6719,OFF,10.0,1.02,-100.0,C,C,NC,C
300,ON_3_20181112_102608,99,ON_3_20181112_102608_99.bmp,ON,36.65,160.1,401.3125,ON,60.0,495.04900000000004,800.0,C,C,C,C
301,OFF_4_20181112_102731,99,OFF_4_20181112_102731_99.bmp,OFF,4.499,50.0,-27.5781,OFF,10.0,0.99,-100.0,C,C,NC,C
302,ON_1_20181204_175538,55,ON_1_20181204_175538_55.bmp,ON,48.6,69.6,730.4844,ON,60.0,510.204,800.0,C,C,C,C
303,OFF_2_20181204_175708,55,OFF_2_20181204_175708_55.bmp,OFF,1.199,-60.0,-91.1641,OFF,7.8,1.02,-100.0,C,C,C,C
304,ON_3_20181204_175852,55,ON_3_20181204_175852_55.bmp,ON,48.44,60.5,708.6094,ON,60.0,495.04900000000004,800.0,C,C,C,C
305,OFF_4_20181204_180023,55,OFF_4_20181204_180023_55.bmp,OFF,1.197,-60.0,-92.8828,OFF,7.8,0.99,-100.0,C,C,C,C
306,ON_1_20181126_114347,63,ON_1_20181126_114347_63.bmp,ON,53.79,-63.1,394.625,ON,60.0,510.204,800.0,C,C,C,C
307,OFF_2_20181126_114516,63,OFF_2_20181126_114516_63.bmp,OFF,1.132,-180.0,-219.9844,OFF,7.8,1.02,-100.0,C,C,C,NC
308,ON_3_20181126_114659,63,ON_3_20181126_114659_63.bmp,ON,52.13,-130.0,310.1094,ON,60.0,495.04900000000004,800.0,C,C,C,C
309,OFF_4_20181126_114829,63,OFF_4_20181126_114829_63.bmp,OFF,1.011,-250.0,-251.9297,OFF,7.8,0.99,-100.0,C,C,C,NC
310,ON_1_20181125_175944,64,ON_1_20181125_175944_64.bmp,ON,51.08,110.0,646.3438,ON,60.0,510.204,800.0,C,C,C,C
311,OFF_2_20181125_180113,64,OFF_2_20181125_180113_64.bmp,OFF,1.292,-20.0,-53.1719,OFF,7.8,1.02,-100.0,C,C,C,C
312,ON_3_20181125_180255,64,ON_3_20181125_180255_64.bmp,ON,50.75,110.0,627.3125,ON,60.0,495.04900000000004,800.0,C,C,C,C
313,OFF_4_20181125_180425,64,OFF_4_20181125_180425_64.bmp,OFF,1.295,-20.0,-51.6172,OFF,7.8,0.99,-100.0,C,C,C,C
314,ON_1_20190408_141145,30,ON_1_20190408_141145_30.bmp,ON,90.0,-2560.0,0.0,ON,60.0,510.204,800.0,C,NC,C,C
315,OFF_2_20190408_141328,30,OFF_2_20190408_141328_30.bmp,OFF,8.0,-2560.0,0.0,OFF,7.8,1.02,-100.0,C,NC,C,C
316,ON_3_20190408_141510,30,ON_3_20190408_141510_30.bmp,ON,90.0,-2560.0,0.0,ON,60.0,510.204,800.0,C,NC,C,C
317,OFF_4_20190408_141651,30,OFF_4_20190408_141651_30.bmp,OFF,8.0,-2560.0,0.0,OFF,7.8,1.02,-100.0,C,NC,C,C
318,ON_5_20190408_141833,30,ON_5_20190408_141833_30.bmp,ON,90.0,-2560.0,0.0,ON,60.0,510.204,800.0,C,NC,C,C
319,OFF_6_20190408_142015,30,OFF_6_20190408_142015_30.bmp,OFF,8.0,-2560.0,0.0,OFF,7.8,1.02,-100.0,C,NC,C,C
320,ON_7_20190408_142219,30,ON_7_20190408_142219_30.bmp,ON,90.0,-2560.0,0.0,ON,60.0,510.204,800.0,C,NC,C,C
321,OFF_8_20190408_142401,30,OFF_8_20190408_142401_30.bmp,OFF,8.0,-2560.0,0.0,OFF,7.8,0.99,-100.0,C,NC,C,C
322,ON_9_20190408_142542,30,ON_9_20190408_142542_30.bmp,ON,90.0,-2560.0,6.2031,ON,60.0,510.204,800.0,C,NC,C,C
323,OFF_10_20190408_142724,30,OFF_10_20190408_142724_30.bmp,OFF,,,,OFF,,,,C,,,
324,ON_1_20181129_201422,8,ON_1_20181129_201422_8.bmp,ON,53.33,123.3,668.1719,ON,60.0,510.204,800.0,C,C,C,C
325,OFF_2_20181129_201546,8,OFF_2_20181129_201546_8.bmp,OFF,1.32,0.0,-35.1875,OFF,7.8,1.02,-100.0,C,C,C,C
326,ON_3_20181129_201711,8,ON_3_20181129_201711_8.bmp,ON,52.91,126.9,669.1407,ON,60.0,510.204,800.0,C,C,C,C
327,OFF_4_20181129_201835,8,OFF_4_20181129_201835_8.bmp,OFF,1.15,0.0,-33.3984,OFF,7.8,1.02,-100.0,C,C,C,C
328,ON_5_20181129_201959,8,ON_5_20181129_201959_8.bmp,ON,53.125,129.8,732.0782,ON,60.0,510.204,800.0,C,C,C,C
329,OFF_6_20181129_202123,8,OFF_6_20181129_202123_8.bmp,OFF,1.045,0.0,-33.8828,OFF,7.8,1.02,-100.0,C,C,C,C
330,ON_7_20181129_202306,8,ON_7_20181129_202306_8.bmp,ON,52.29,120.9,652.8282,ON,60.0,510.204,800.0,C,C,C,C
331,OFF_8_20181129_202430,8,OFF_8_20181129_202430_8.bmp,OFF,1.314,0.0,-30.9531,OFF,7.8,0.99,-100.0,C,C,C,C
332,ON_9_20181129_202554,8,ON_9_20181129_202554_8.bmp,ON,52.17,122.4,654.0469,ON,60.0,510.204,800.0,C,C,C,C
333,OFF_10_20181129_202718,8,OFF_10_20181129_202718_8.bmp,OFF,1.143,0.0,-32.6406,OFF,7.8,0.99,-100.0,C,C,C,C
334,ON_11_20181129_202842,8,ON_11_20181129_202842_8.bmp,ON,52.43,120.9,710.0,ON,60.0,510.204,800.0,C,C,C,C
335,OFF_12_20181129_203006,8,OFF_12_20181129_203006_8.bmp,OFF,1.037,0.0,-31.5078,OFF,7.8,0.99,-100.0,C,C,C,C
336,ON_1_20181125_163651,37,ON_1_20181125_163651_37.bmp,ON,51.17,120.0,653.9844,ON,60.0,510.204,800.0,C,C,C,C
337,OFF_2_20181125_163815,37,OFF_2_20181125_163815_37.bmp,OFF,1.49,-10.0,-40.9141,OFF,7.8,1.02,-100.0,C,C,C,C
338,ON_3_20181125_163938,37,ON_3_20181125_163938_37.bmp,ON,50.99,120.0,653.2032,ON,60.0,510.204,800.0,C,C,C,C
339,OFF_4_20181125_164101,37,OFF_4_20181125_164101_37.bmp,OFF,1.271,-10.0,-41.7813,OFF,7.8,1.02,-100.0,C,C,C,C
340,ON_5_20181125_164224,37,ON_5_20181125_164224_37.bmp,ON,52.4,120.0,650.375,ON,60.0,510.204,800.0,C,C,C,C
341,OFF_6_20181125_164347,37,OFF_6_20181125_164347_37.bmp,OFF,1.084,-10.0,-44.75,OFF,7.8,1.02,-100.0,C,C,C,C
342,ON_7_20181125_164530,37,ON_7_20181125_164530_37.bmp,ON,50.86,110.0,634.125,ON,60.0,510.204,800.0,C,C,C,C
343,OFF_8_20181125_164652,37,OFF_8_20181125_164652_37.bmp,OFF,7.991,-10.8,-45.9922,OFF,7.8,0.99,-100.0,C,NC,C,C
344,ON_9_20181125_164815,37,ON_9_20181125_164815_37.bmp,ON,50.71,110.0,631.1719,ON,60.0,510.204,800.0,C,C,C,C
345,OFF_10_20181125_164938,37,OFF_10_20181125_164938_37.bmp,OFF,8.0,-12.5,-46.0938,OFF,7.8,0.99,-100.0,C,NC,C,C
346,ON_11_20181125_165102,37,ON_11_20181125_165102_37.bmp,ON,52.4,110.0,629.8282,ON,60.0,510.204,800.0,C,C,C,C
347,OFF_12_20181125_165225,37,OFF_12_20181125_165225_37.bmp,OFF,7.968,-19.7,-47.4844,OFF,7.8,0.99,-100.0,C,NC,C,C
348,ON_1_20181125_125945,39,ON_1_20181125_125945_39.bmp,ON,85.81,-10.0,-11.4063,ON,60.0,510.204,800.0,C,NC,C,C
349,OFF_2_20181125_130105,39,OFF_2_20181125_130105_39.bmp,OFF,6.701,-20.0,-20.5391,OFF,7.8,1.02,-100.0,C,C,C,C
350,ON_3_20181125_130225,39,ON_3_20181125_130225_39.bmp,ON,87.09,-10.0,-10.4063,ON,60.0,510.204,800.0,C,NC,C,C
351,OFF_4_20181125_130345,39,OFF_4_20181125_130345_39.bmp,OFF,7.947,-19.9,-19.5547,OFF,7.8,1.02,-100.0,C,NC,C,C
352,ON_5_20181125_130506,39,ON_5_20181125_130506_39.bmp,ON,78.81,-10.0,-10.0781,ON,60.0,510.204,800.0,C,NC,C,C
353,OFF_6_20181125_130627,39,OFF_6_20181125_130627_39.bmp,OFF,7.873,-20.0,-19.5391,OFF,7.8,1.02,-100.0,C,NC,C,C
354,ON_7_20181125_130806,39,ON_7_20181125_130806_39.bmp,ON,89.35,-11.6,-10.4531,ON,60.0,510.204,800.0,C,NC,C,C
355,OFF_8_20181125_130926,39,OFF_8_20181125_130926_39.bmp,OFF,7.985,-19.9,-19.1484,OFF,7.8,0.99,-100.0,C,NC,C,C
356,ON_9_20181125_131047,39,ON_9_20181125_131047_39.bmp,ON,87.2,-10.0,-11.3438,ON,60.0,510.204,800.0,C,NC,C,C
357,OFF_10_20181125_131208,39,OFF_10_20181125_131208_39.bmp,OFF,7.985,-18.2,-18.8047,OFF,7.8,0.99,-100.0,C,NC,C,C
358,ON_11_20181125_131328,39,ON_11_20181125_131328_39.bmp,ON,55.24,-10.0,-10.9219,ON,60.0,510.204,800.0,C,C,C,C
359,OFF_12_20181125_131448,39,OFF_12_20181125_131448_39.bmp,OFF,7.999,-19.7,-20.5,OFF,7.8,0.99,-100.0,C,NC,C,C
360,ON_1_20181125_160448,6,ON_1_20181125_160448_6.bmp,ON,52.53,120.2,658.3282,ON,60.0,510.204,800.0,C,C,C,C
361,OFF_2_20181125_160610,6,OFF_2_20181125_160610_6.bmp,OFF,1.416,0.0,-28.8516,OFF,7.8,1.02,-100.0,C,C,C,C
362,ON_3_20181125_160732,6,ON_3_20181125_160732_6.bmp,ON,52.27,120.0,654.4063,ON,60.0,510.204,800.0,C,C,C,C
363,OFF_4_20181125_160855,6,OFF_4_20181125_160855_6.bmp,OFF,1.284,0.0,-31.9063,OFF,7.8,1.02,-100.0,C,C,C,C
364,ON_5_20181125_161017,6,ON_5_20181125_161017_6.bmp,ON,52.41,130.0,662.0157,ON,60.0,510.204,800.0,C,C,C,C
365,OFF_6_20181125_161140,6,OFF_6_20181125_161140_6.bmp,OFF,1.1032,0.0,-35.5781,OFF,7.8,1.02,-100.0,C,C,C,C
366,ON_7_20181125_161322,6,ON_7_20181125_161322_6.bmp,ON,52.14,120.0,642.4063,ON,60.0,510.204,800.0,C,C,C,C
367,OFF_8_20181125_161445,6,OFF_8_20181125_161445_6.bmp,OFF,1.291,0.0,-34.2813,OFF,7.8,0.99,-100.0,C,C,C,C
368,ON_9_20181125_161608,6,ON_9_20181125_161608_6.bmp,ON,51.97,120.0,642.8438,ON,60.0,510.204,800.0,C,C,C,C
369,OFF_10_20181125_161731,6,OFF_10_20181125_161731_6.bmp,OFF,1.119,0.0,-36.6797,OFF,7.8,0.99,-100.0,C,C,C,C
370,ON_11_20181125_161854,6,ON_11_20181125_161854_6.bmp,ON,52.42,120.0,641.3125,ON,60.0,510.204,800.0,C,C,C,C
371,OFF_12_20181125_162016,6,OFF_12_20181125_162016_6.bmp,OFF,1.103,0.0,-26.7188,OFF,7.8,0.99,-100.0,C,C,C,C
372,ON_1_20181110_122711,100,ON_1_20181110_122711_100.bmp,ON,36.78,190.0,401.3125,ON,60.0,510.204,800.0,C,C,C,C
373,OFF_2_20181110_122833,100,OFF_2_20181110_122833_100.bmp,OFF,4.411,75.8,-5.2422,OFF,10.0,1.02,-100.0,C,C,NC,C
374,ON_3_20181110_123005,100,ON_3_20181110_123005_100.bmp,ON,36.83,186.1,401.3125,ON,60.0,495.04900000000004,800.0,C,C,C,C
375,OFF_4_20181110_123126,100,OFF_4_20181110_123126_100.bmp,OFF,4.359,77.9,-4.7734,OFF,10.0,0.99,-100.0,C,C,NC,C
376,ON_1_20181030_133321,107,ON_1_20181030_133321_107.bmp,ON,0.4013125,,0.0021414,ON,800.0,,60.0,C,C,,C
377,OFF_2_20181030_133436,107,OFF_2_20181030_133436_107.bmp,OFF,-0.0357344,,3.12009e-05,OFF,-100.0,,10.0,C,C,,C
378,ON_3_20181030_133602,107,ON_3_20181030_133602_107.bmp,ON,0.4013125,,0.0052908,ON,800.0,,60.0,C,C,,C
379,OFF_4_20181030_133717,107,OFF_4_20181030_133717_107.bmp,OFF,-0.0363828,,2.99842e-05,OFF,-100.0,,10.0,C,C,,C
380,ON_1_20181030_192734,106,ON_1_20181030_192734_106.bmp,ON,0.16,,,ON,510.204,,,C,C,,
381,OFF_2_20181030_192854,106,OFF_2_20181030_192854_106.bmp,OFF,0.05,,,OFF,-100.0,,,C,C,,
382,ON_3_20181030_193024,106,ON_3_20181030_193024_106.bmp,ON,0.16,,,ON,495.04900000000004,,,C,C,,
383,OFF_4_20181030_193144,106,OFF_4_20181030_193144_106.bmp,OFF,0.05,,,OFF,-100.0,,,C,C,,
384,ON_1_20181110_095843,101,ON_1_20181110_095843_101.bmp,ON,36.67,188.0,401.3125,ON,60.0,510.204,800.0,C,C,C,C
385,OFF_2_20181110_100012,101,OFF_2_20181110_100012_101.bmp,OFF,4.515,70.0,-7.8594,OFF,10.0,1.02,-100.0,C,C,NC,C
386,ON_3_20181110_100150,101,ON_3_20181110_100150_101.bmp,ON,36.71,180.8,401.3125,ON,60.0,495.04900000000004,800.0,C,C,C,C
387,OFF_4_20181110_100319,101,OFF_4_20181110_100319_101.bmp,OFF,4.454,70.0,-6.2813,OFF,10.0,0.99,-100.0,C,C,NC,C
388,ON_1_20181030_132134,108,ON_1_20181030_132134_108.bmp,ON,0.4013125,,0.0021539,ON,60.0,,800.0,C,NC,,C
389,OFF_2_20181030_132251,108,OFF_2_20181030_132251_108.bmp,OFF,-0.0298594,,3.2412399999999995e-05,OFF,10.0,,-100.0,C,C,,C
390,ON_3_20181030_132419,108,ON_3_20181030_132419_108.bmp,ON,0.4013125,,0.0020573,ON,60.0,,800.0,C,NC,,C
391,OFF_4_20181030_132536,108,OFF_4_20181030_132536_108.bmp,OFF,-0.0307969,,3.11882e-05,OFF,10.0,,-100.0,C,C,,C
392,ON_1_20181206_142710,89,ON_1_20181206_142710_89.bmp,ON,55.22,180.0,687.2344,ON,60.0,510.204,800.0,C,C,C,C
393,OFF_2_20181206_143036,89,OFF_2_20181206_143036_89.bmp,OFF,1.301,50.0,3.7109,OFF,7.8,1.02,-100.0,C,C,NC,C
394,ON_3_20181206_143215,89,ON_3_20181206_143215_89.bmp,ON,54.43,187.3,680.0625,ON,60.0,495.04900000000004,800.0,C,C,C,C
395,OFF_4_20181206_143342,89,OFF_4_20181206_143342_89.bmp,OFF,1.128,50.0,18.9063,OFF,7.8,0.99,-100.0,C,C,NC,C
396,ON_1_20181122_173957,42,ON_1_20181122_173957_42.bmp,ON,90.0,-100.0,-37.4375,ON,60.0,510.204,800.0,C,NC,C,C
397,OFF_2_20181122_174119,42,OFF_2_20181122_174119_42.bmp,OFF,8.0,-20.0,-58.6172,OFF,7.8,1.02,-100.0,C,NC,C,C
398,ON_3_20181122_174242,42,ON_3_20181122_174242_42.bmp,ON,66.86,149.8,401.3125,ON,60.0,510.204,800.0,C,NC,C,C
399,OFF_4_20181122_174405,42,OFF_4_20181122_174405_42.bmp,OFF,8.0,2.8,-29.8984,OFF,7.8,1.02,-100.0,C,NC,NC,C
400,ON_5_20181122_174527,42,ON_5_20181122_174527_42.bmp,ON,66.72,149.5,401.3125,ON,60.0,510.204,800.0,C,NC,C,C
401,OFF_6_20181122_174650,42,OFF_6_20181122_174650_42.bmp,OFF,8.0,0.1,-31.5234,OFF,7.8,1.02,-100.0,C,NC,C,C
402,ON_7_20181122_174832,42,ON_7_20181122_174832_42.bmp,ON,66.42,140.0,401.3125,ON,60.0,510.204,800.0,C,NC,C,C
403,OFF_8_20181122_174955,42,OFF_8_20181122_174955_42.bmp,OFF,6.129,0.0,-28.6953,OFF,7.8,0.99,-100.0,C,C,C,C
404,ON_9_20181122_175118,42,ON_9_20181122_175118_42.bmp,ON,47.43,140.0,401.3125,ON,60.0,510.204,800.0,C,C,C,C
405,OFF_10_20181122_175240,42,OFF_10_20181122_175240_42.bmp,OFF,8.0,0.7,-29.0469,OFF,7.8,0.99,-100.0,C,NC,C,C
406,ON_11_20181122_175403,42,ON_11_20181122_175403_42.bmp,ON,52.32,140.0,401.3125,ON,60.0,510.204,800.0,C,C,C,C
407,OFF_12_20181122_175526,42,OFF_12_20181122_175526_42.bmp,OFF,8.0,0.3,-29.6797,OFF,7.8,0.99,-100.0,C,NC,C,C
408,ON_1_20181214_114806,45,ON_1_20181214_114806_45.bmp,ON,50.66,139.7,674.6094,ON,60.0,510.204,800.0,C,C,C,C
409,OFF_2_20181214_114934,45,OFF_2_20181214_114934_45.bmp,OFF,1.178,10.0,-22.3984,OFF,7.8,1.02,-100.0,C,C,NC,C
410,ON_3_20181214_115115,45,ON_3_20181214_115115_45.bmp,ON,50.37,135.1,659.0782,ON,60.0,495.04900000000004,800.0,C,C,C,C
411,OFF_4_20181214_115243,45,OFF_4_20181214_115243_45.bmp,OFF,1.19,10.0,-20.125,OFF,7.8,0.99,-100.0,C,C,NC,C
412,ON_1_20190524_141427,87,ON_1_20190524_141427_87.bmp,ON,46.17,145.0,590.4063,ON,60.0,510.204,800.0,C,C,C,
413,ON_1_20181113_211614,74,ON_1_20181113_211614_74.bmp,ON,36.92,160.0,401.3125,ON,60.0,510.204,800.0,C,C,C,C
414,OFF_2_20181113_211731,74,OFF_2_20181113_211731_74.bmp,OFF,7.924,49.7,-32.5547,OFF,10.0,1.02,-100.0,C,C,NC,C
415,ON_3_20181113_211849,74,ON_3_20181113_211849_74.bmp,ON,56.54,160.0,401.3125,ON,60.0,510.204,800.0,C,C,C,C
416,OFF_4_20181113_212007,74,OFF_4_20181113_212007_74.bmp,OFF,7.87,50.0,-33.1094,OFF,10.0,1.02,-100.0,C,C,NC,C
417,ON_5_20181113_212125,74,ON_5_20181113_212125_74.bmp,ON,56.42,160.0,401.3125,ON,60.0,510.204,800.0,C,C,C,C
418,OFF_6_20181113_212243,74,OFF_6_20181113_212243_74.bmp,OFF,7.987,48.4,-32.3516,OFF,10.0,1.02,-100.0,C,C,NC,C
419,ON_7_20181113_212420,74,ON_7_20181113_212420_74.bmp,ON,37.05,158.8,401.3125,ON,60.0,510.204,800.0,C,C,C,C
420,OFF_8_20181113_212537,74,OFF_8_20181113_212537_74.bmp,OFF,7.141,50.0,-31.6484,OFF,10.0,0.99,-100.0,C,C,NC,C
421,ON_9_20181113_212655,74,ON_9_20181113_212655_74.bmp,ON,36.85,159.4,401.3125,ON,60.0,510.204,800.0,C,C,C,C
422,OFF_10_20181113_212813,74,OFF_10_20181113_212813_74.bmp,OFF,7.415,50.0,-31.2969,OFF,10.0,0.99,-100.0,C,C,NC,C
423,ON_11_20181113_212931,74,ON_11_20181113_212931_74.bmp,ON,36.78,159.3,401.3125,ON,60.0,510.204,800.0,C,C,C,C
424,OFF_12_20181113_213049,74,OFF_12_20181113_213049_74.bmp,OFF,6.776,50.0,-32.3359,OFF,10.0,0.99,-100.0,C,C,NC,C
425,ON_1_20181031_175744,80,ON_1_20181031_175744_80.bmp,ON,89.99,140.0,405.9922,ON,60.0,510.204,800.0,C,NC,C,C
426,OFF_2_20181031_175901,80,OFF_2_20181031_175901_80.bmp,OFF,7.997,30.0,-54.0,OFF,10.0,510.204,-100.0,C,C,C,C
427,ON_3_20181031_180017,80,ON_3_20181031_180017_80.bmp,ON,89.91,150.0,405.9922,ON,60.0,510.204,800.0,C,NC,C,C
428,OFF_4_20181031_180134,80,OFF_4_20181031_180134_80.bmp,OFF,7.991,30.0,-52.0,OFF,10.0,510.204,-100.0,C,C,C,C
429,ON_5_20181031_180249,80,ON_5_20181031_180249_80.bmp,ON,89.78,150.0,405.9922,ON,60.0,510.204,800.0,C,NC,C,C
430,OFF_6_20181031_181010,80,OFF_6_20181031_181010_80.bmp,OFF,7.99,30.0,-66.0,OFF,10.0,510.204,-100.0,C,C,C,C
431,ON_7_20181031_181141,80,ON_7_20181031_181141_80.bmp,ON,89.95,140.0,405.9922,ON,60.0,510.204,800.0,C,NC,C,C
432,OFF_8_20181031_181515,80,OFF_8_20181031_181515_80.bmp,OFF,7.999,40.0,-64.0,OFF,10.0,510.204,-100.0,C,C,C,C
433,ON_9_20181031_181631,80,ON_9_20181031_181631_80.bmp,ON,89.98,150.0,405.9922,ON,60.0,510.204,800.0,C,NC,C,C
434,OFF_10_20181031_181748,80,OFF_10_20181031_181748_80.bmp,OFF,7.999,30.0,-50.0,OFF,10.0,510.204,-100.0,C,C,C,C
435,ON_11_20181031_181905,80,ON_11_20181031_181905_80.bmp,ON,89.98,140.0,405.9922,ON,60.0,510.204,800.0,C,NC,C,C
436,OFF_12_20181031_182023,80,OFF_12_20181031_182023_80.bmp,OFF,7.993,40.0,-50.0,OFF,10.0,510.204,-100.0,C,C,C,C
437,ON_1_20181214_114806,20,ON_1_20181214_114806_20.bmp,ON,50.66,139.7,674.6094,ON,60.0,510.204,800.0,C,C,C,C
438,OFF_2_20181214_114934,20,OFF_2_20181214_114934_20.bmp,OFF,1.178,0.0,-32.3984,OFF,7.8,1.02,-100.0,C,C,C,C
439,ON_3_20181214_115115,20,ON_3_20181214_115115_20.bmp,ON,50.37,135.1,659.0782,ON,60.0,495.04900000000004,800.0,C,C,C,C
440,OFF_4_20181214_115243,20,OFF_4_20181214_115243_20.bmp,OFF,1.19,0.0,-30.125,OFF,7.8,0.99,-100.0,C,C,C,C
441,ON_1_20190425_141841,27,ON_1_20190425_141841_27.bmp,ON,49.34,155.0,648.0313,ON,60.0,510.204,800.0,C,C,C,C
442,OFF_2_20190425_142024,27,OFF_2_20190425_142024_27.bmp,OFF,1.263,0.0,-37.5391,OFF,7.8,1.02,-100.0,C,C,C,C
443,ON_3_20190425_142208,27,ON_3_20190425_142208_27.bmp,ON,49.13,150.0,649.2032,ON,60.0,510.204,800.0,C,C,C,C
444,OFF_4_20190425_142351,27,OFF_4_20190425_142351_27.bmp,OFF,1.233,-10.0,-44.4453,OFF,7.8,1.02,-100.0,C,C,C,C
445,ON_5_20190425_142534,27,ON_5_20190425_142534_27.bmp,ON,51.42,140.0,639.8282,ON,60.0,510.204,800.0,C,C,C,C
446,OFF_6_20190425_142717,27,OFF_6_20190425_142717_27.bmp,OFF,7.689,-20.0,-53.1953,OFF,7.8,1.02,-100.0,C,C,C,C
447,ON_7_20190425_142923,27,ON_7_20190425_142923_27.bmp,ON,49.09,130.0,612.7969,ON,60.0,510.204,800.0,C,C,C,C
448,OFF_8_20190425_143106,27,OFF_8_20190425_143106_27.bmp,OFF,1.263,-20.0,-55.5547,OFF,7.8,0.99,-100.0,C,C,C,C
449,ON_9_20190425_143249,27,ON_9_20190425_143249_27.bmp,ON,48.93,130.0,609.7344,ON,60.0,510.204,800.0,C,C,C,C
450,OFF_10_20190425_143433,27,OFF_10_20190425_143433_27.bmp,OFF,1.101,-25.0,-59.9766,OFF,7.8,0.99,-100.0,C,C,C,C
451,ON_11_20190425_143616,27,ON_11_20190425_143616_27.bmp,ON,51.41,125.0,610.0782,ON,60.0,510.204,800.0,C,C,C,C
452,OFF_12_20190425_143759,27,OFF_12_20190425_143759_27.bmp,OFF,7.805,-30.0,-60.3516,OFF,7.8,0.99,-100.0,C,NC,C,C
453,ON_1_20181204_175538,18,ON_1_20181204_175538_18.bmp,ON,48.6,129.6,730.4844,ON,60.0,510.204,800.0,C,C,C,C
454,OFF_2_20181204_175708,18,OFF_2_20181204_175708_18.bmp,OFF,1.199,0.0,-31.1641,OFF,7.8,1.02,-100.0,C,C,C,C
455,ON_3_20181204_175852,18,ON_3_20181204_175852_18.bmp,ON,48.44,120.5,708.6094,ON,60.0,495.04900000000004,800.0,C,C,C,C
456,OFF_4_20181204_180023,18,OFF_4_20181204_180023_18.bmp,OFF,1.197,0.0,-32.8828,OFF,7.8,0.99,-100.0,C,C,C,C
457,ON_1_20181206_143633,11,ON_1_20181206_143633_11.bmp,ON,55.2,140.0,700.8907,ON,60.0,510.204,800.0,C,C,C,C
458,OFF_2_20181206_143800,11,OFF_2_20181206_143800_11.bmp,OFF,1.3,0.0,15.1094,OFF,7.8,1.02,-100.0,C,C,C,C
459,ON_3_20181206_143940,11,ON_3_20181206_143940_11.bmp,ON,54.4,139.9,683.2344,ON,60.0,495.04900000000004,800.0,C,C,C,C
460,OFF_4_20181206_144106,11,OFF_4_20181206_144106_11.bmp,OFF,1.28,0.0,14.7422,OFF,7.8,0.99,-100.0,C,C,C,C
461,ON_1_20181206_143348,16,ON_1_20181206_143348_16.bmp,ON,54.26,130.0,644.375,ON,60.0,510.204,800.0,C,C,C,C
462,OFF_2_20181206_143519,16,OFF_2_20181206_143519_16.bmp,OFF,1.082,0.0,-26.8906,OFF,7.8,1.02,-100.0,C,C,C,C
463,ON_3_20181206_143704,16,ON_3_20181206_143704_16.bmp,ON,53.885,126.2,623.7657,ON,60.0,495.04900000000004,800.0,C,C,C,C
464,OFF_4_20181206_143836,16,OFF_4_20181206_143836_16.bmp,OFF,1.079,0.0,-25.0859,OFF,7.8,0.99,-100.0,C,C,C,C
465,ON_1_20190408_155022,29,ON_1_20190408_155022_29.bmp,ON,49.44,135.0,620.5782,ON,60.0,510.204,800.0,C,C,C,C
466,OFF_2_20190408_155203,29,OFF_2_20190408_155203_29.bmp,OFF,1.339,-20.0,-56.3672,OFF,7.8,1.02,-100.0,C,C,C,C
467,ON_3_20190408_155345,29,ON_3_20190408_155345_29.bmp,ON,49.1,135.0,619.7969,ON,60.0,510.204,800.0,C,C,C,C
468,OFF_4_20190408_155526,29,OFF_4_20190408_155526_29.bmp,OFF,1.086,-20.0,-57.8906,OFF,7.8,1.02,-100.0,C,C,C,C
469,ON_5_20190408_155707,29,ON_5_20190408_155707_29.bmp,ON,51.42,130.0,627.7657,ON,60.0,510.204,800.0,C,C,C,C
470,OFF_6_20190408_155848,29,OFF_6_20190408_155848_29.bmp,OFF,0.991,-25.0,-61.8125,OFF,7.8,1.02,-100.0,C,C,C,C
471,ON_7_20190408_160052,29,ON_7_20190408_160052_29.bmp,ON,49.14,120.0,596.8438,ON,60.0,510.204,800.0,C,C,C,C
472,OFF_8_20190408_160234,29,OFF_8_20190408_160234_29.bmp,OFF,1.428,-30.0,-62.3438,OFF,7.8,0.99,-100.0,C,C,C,C
473,ON_9_20190408_160415,29,ON_9_20190408_160415_29.bmp,ON,48.97,120.0,599.1875,ON,60.0,510.204,800.0,C,C,C,C
474,OFF_10_20190408_160556,29,OFF_10_20190408_160556_29.bmp,OFF,1.246,-30.0,-62.5391,OFF,7.8,0.99,-100.0,C,C,C,C
475,ON_11_20190408_160737,29,ON_11_20190408_160737_29.bmp,ON,51.42,120.0,604.9063,ON,60.0,510.204,800.0,C,C,C,C
476,OFF_12_20190408_160918,29,OFF_12_20190408_160918_29.bmp,OFF,6.784,-30.0,-63.2891,OFF,7.8,0.99,-100.0,C,C,C,C
477,ON_1_20181030_201101,81,ON_1_20181030_201101_81.bmp,ON,0.16,,,ON,510.204,,,C,C,,
478,OFF_2_20181030_201212,81,OFF_2_20181030_201212_81.bmp,OFF,0.05,,,OFF,-100.0,,,C,C,,
479,ON_3_20181030_201322,81,ON_3_20181030_201322_81.bmp,ON,0.16,,,ON,510.204,,,C,C,,
480,OFF_4_20181030_201433,81,OFF_4_20181030_201433_81.bmp,OFF,0.05,,,OFF,-100.0,,,C,C,,
481,ON_5_20181030_201543,81,ON_5_20181030_201543_81.bmp,ON,0.16,,,ON,510.204,,,C,C,,
482,OFF_6_20181030_201652,81,OFF_6_20181030_201652_81.bmp,OFF,0.05,,,OFF,-100.0,,,C,C,,
483,ON_7_20181030_201817,81,ON_7_20181030_201817_81.bmp,ON,0.16,,,ON,495.04900000000004,,,C,C,,
484,OFF_8_20181030_201927,81,OFF_8_20181030_201927_81.bmp,OFF,0.05,,,OFF,-100.0,,,C,C,,
485,ON_9_20181030_202036,81,ON_9_20181030_202036_81.bmp,ON,0.16,,,ON,495.04900000000004,,,C,C,,
486,OFF_10_20181030_202145,81,OFF_10_20181030_202145_81.bmp,OFF,0.05,,,OFF,-100.0,,,C,C,,
487,ON_11_20181030_202254,81,ON_11_20181030_202254_81.bmp,ON,0.16,,,ON,495.04900000000004,,,C,C,,
488,OFF_12_20181030_202403,81,OFF_12_20181030_202403_81.bmp,OFF,0.05,,,OFF,-100.0,,,C,C,,
489,ON_1_20181112_184250,75,ON_1_20181112_184250_75.bmp,ON,36.82,154.1,401.3125,ON,60.0,510.204,800.0,C,C,C,C
490,OFF_2_20181112_184406,75,OFF_2_20181112_184406_75.bmp,OFF,4.666,40.0,-38.7969,OFF,10.0,1.02,-100.0,C,C,NC,C
491,ON_3_20181112_184522,75,ON_3_20181112_184522_75.bmp,ON,36.72,154.6,401.3125,ON,60.0,510.204,800.0,C,C,C,C
492,OFF_4_20181112_184638,75,OFF_4_20181112_184638_75.bmp,OFF,4.476,40.0,-38.5078,OFF,10.0,1.02,-100.0,C,C,NC,C
493,ON_5_20181112_184753,75,ON_5_20181112_184753_75.bmp,ON,36.68,156.0,401.3125,ON,60.0,510.204,800.0,C,C,C,C
494,OFF_6_20181112_184909,75,OFF_6_20181112_184909_75.bmp,OFF,4.336,40.0,-38.8984,OFF,10.0,1.02,-100.0,C,C,NC,C
495,ON_7_20181112_185044,75,ON_7_20181112_185044_75.bmp,ON,36.98,150.1,401.3125,ON,60.0,510.204,800.0,C,C,C,C
496,OFF_8_20181112_185200,75,OFF_8_20181112_185200_75.bmp,OFF,4.557,40.0,-36.3984,OFF,10.0,0.99,-100.0,C,C,NC,C
497,ON_9_20181112_185316,75,ON_9_20181112_185316_75.bmp,ON,36.98,150.3,401.3125,ON,60.0,510.204,800.0,C,C,C,C
498,OFF_10_20181112_185431,75,OFF_10_20181112_185431_75.bmp,OFF,4.396,40.0,-35.8047,OFF,10.0,0.99,-100.0,C,C,NC,C
499,ON_11_20181112_185547,75,ON_11_20181112_185547_75.bmp,ON,36.81,150.6,401.3125,ON,60.0,510.204,800.0,C,C,C,C
500,OFF_12_20181112_185703,75,OFF_12_20181112_185703_75.bmp,OFF,4.259,40.0,-36.0313,OFF,10.0,0.99,-100.0,C,C,NC,C
501,ON_1_20181116_205748,72,ON_1_20181116_205748_72.bmp,ON,37.11,162.0,401.3125,ON,60.0,510.204,800.0,C,C,C,C
502,OFF_2_20181116_205906,72,OFF_2_20181116_205906_72.bmp,OFF,4.788,50.0,-30.2813,OFF,10.0,1.02,-100.0,C,C,NC,C
503,ON_3_20181116_210025,72,ON_3_20181116_210025_72.bmp,ON,36.93,161.9,401.3125,ON,60.0,510.204,800.0,C,C,C,C
504,OFF_4_20181116_210143,72,OFF_4_20181116_210143_72.bmp,OFF,4.617,50.0,-31.0547,OFF,10.0,1.02,-100.0,C,C,NC,C
505,ON_5_20181116_210302,72,ON_5_20181116_210302_72.bmp,ON,36.87,160.6,401.3125,ON,60.0,510.204,800.0,C,C,C,C
506,OFF_6_20181116_210420,72,OFF_6_20181116_210420_72.bmp,OFF,4.483,50.0,-30.8281,OFF,10.0,1.02,-100.0,C,C,NC,C
507,ON_7_20181116_210557,72,ON_7_20181116_210557_72.bmp,ON,56.95,160.0,401.3125,ON,60.0,510.204,800.0,C,C,C,C
508,OFF_8_20181116_210716,72,OFF_8_20181116_210716_72.bmp,OFF,4.726,50.0,-29.4063,OFF,10.0,0.99,-100.0,C,C,NC,C
509,ON_9_20181116_210835,72,ON_9_20181116_210835_72.bmp,ON,36.84,160.0,401.3125,ON,60.0,510.204,800.0,C,C,C,C
510,OFF_10_20181116_210953,72,OFF_10_20181116_210953_72.bmp,OFF,4.619,50.0,-29.5547,OFF,10.0,0.99,-100.0,C,C,NC,C
511,ON_11_20181116_211111,72,ON_11_20181116_211111_72.bmp,ON,36.79,160.0,401.3125,ON,60.0,510.204,800.0,C,C,C,C
512,OFF_12_20181116_211230,72,OFF_12_20181116_211230_72.bmp,OFF,4.456,50.0,-28.5625,OFF,10.0,0.99,-100.0,C,C,NC,C
513,ON_1_20190403_195034,86,ON_1_20190403_195034_86.bmp,ON,45.38,105.0,583.8282,ON,60.0,510.204,800.0,C,C,C,C
514,OFF_2_20190403_195209,86,OFF_2_20190403_195209_86.bmp,OFF,1.268,-35.0,-72.0938,OFF,7.8,1.02,-100.0,C,C,C,C
515,ON_3_20190403_195343,86,ON_3_20190403_195343_86.bmp,ON,46.33,105.0,582.2188,ON,60.0,510.204,800.0,C,C,C,C
516,OFF_4_20190403_195518,86,OFF_4_20190403_195518_86.bmp,OFF,1.111,-35.0,-72.7188,OFF,7.8,1.02,-100.0,C,C,C,C
517,ON_5_20190403_195652,86,ON_5_20190403_195652_86.bmp,ON,51.37,105.0,577.5313,ON,60.0,510.204,800.0,C,C,C,C
518,OFF_6_20190403_195827,86,OFF_6_20190403_195827_86.bmp,OFF,0.992,-35.0,-72.8828,OFF,7.8,1.02,-100.0,C,C,C,C
519,ON_7_20190403_200023,86,ON_7_20190403_200023_86.bmp,ON,44.46,100.0,561.8438,ON,60.0,510.204,800.0,C,C,C,C
520,OFF_8_20190403_200157,86,OFF_8_20190403_200157_86.bmp,OFF,1.269,-35.0,-70.9688,OFF,7.8,0.99,-100.0,C,C,C,C
521,ON_9_20190403_200332,86,ON_9_20190403_200332_86.bmp,ON,46.3,100.0,562.625,ON,60.0,510.204,800.0,C,C,C,C
522,OFF_10_20190403_200506,86,OFF_10_20190403_200506_86.bmp,OFF,1.102,-30.0,-69.6484,OFF,7.8,0.99,-100.0,C,C,C,C
523,ON_11_20190403_200641,86,ON_11_20190403_200641_86.bmp,ON,51.35,100.0,562.1094,ON,60.0,510.204,800.0,C,C,C,C
524,OFF_12_20190403_200815,86,OFF_12_20190403_200815_86.bmp,OFF,0.988,-35.0,-70.0625,OFF,7.8,0.99,-100.0,C,C,C,C
525,ON_1_20181214_194019,44,ON_1_20181214_194019_44.bmp,ON,51.9,140.1,589.8125,ON,60.0,510.204,800.0,C,C,C,C
526,OFF_2_20181214_194147,44,OFF_2_20181214_194147_44.bmp,OFF,1.335,10.0,-20.0469,OFF,7.8,1.02,-100.0,C,C,NC,C
527,ON_3_20181214_194327,44,ON_3_20181214_194327_44.bmp,ON,51.55,140.0,569.875,ON,60.0,495.04900000000004,800.0,C,C,C,C
528,OFF_4_20181214_194455,44,OFF_4_20181214_194455_44.bmp,OFF,1.333,10.0,-17.8281,OFF,7.8,0.99,-100.0,C,C,NC,C
529,ON_1_20181206_143633,88,ON_1_20181206_143633_88.bmp,ON,55.2,190.0,700.8907,ON,60.0,510.204,800.0,C,C,C,C
530,OFF_2_20181206_143800,88,OFF_2_20181206_143800_88.bmp,OFF,1.3,50.0,20.1094,OFF,7.8,1.02,-100.0,C,C,NC,C
531,ON_3_20181206_143940,88,ON_3_20181206_143940_88.bmp,ON,54.4,189.9,683.2344,ON,60.0,495.04900000000004,800.0,C,C,C,C
532,OFF_4_20181206_144106,88,OFF_4_20181206_144106_88.bmp,OFF,1.28,50.0,19.7422,OFF,7.8,0.99,-100.0,C,C,NC,C
533,ON_1_20190313_165145,43,ON_1_20190313_165145_43.bmp,ON,90.0,-2560.0,0.0,ON,60.0,510.204,800.0,C,NC,C,C
534,OFF_2_20190313_165329,43,OFF_2_20190313_165329_43.bmp,OFF,8.0,-2560.0,0.0,OFF,7.8,1.02,-100.0,C,NC,C,C
535,ON_3_20190313_165528,43,ON_3_20190313_165528_43.bmp,ON,90.0,-2560.0,0.0,ON,60.0,495.04900000000004,800.0,C,NC,C,C
536,OFF_4_20190313_165712,43,OFF_4_20190313_165712_43.bmp,OFF,8.0,-2560.0,0.0,OFF,7.8,0.99,-100.0,C,NC,C,C
537,ON_1_20181207_095838,17,ON_1_20181207_095838_17.bmp,ON,52.51,120.1,602.4375,ON,60.0,510.204,800.0,C,C,C,C
538,OFF_2_20181207_100009,17,OFF_2_20181207_100009_17.bmp,OFF,1.121,0.0,-35.5859,OFF,7.8,1.02,-100.0,C,C,C,C
539,ON_3_20181207_100153,17,ON_3_20181207_100153_17.bmp,ON,52.07,120.0,586.1094,ON,60.0,495.04900000000004,800.0,C,C,C,C
540,OFF_4_20181207_100325,17,OFF_4_20181207_100325_17.bmp,OFF,1.132,0.0,-35.125,OFF,7.8,0.99,-100.0,C,C,C,C
541,ON_1_20190424_192248,28,ON_1_20190424_192248_28.bmp,ON,49.75,250.0,748.2188,ON,60.0,510.204,800.0,C,C,C,C
542,OFF_2_20190424_192428,28,OFF_2_20190424_192428_28.bmp,OFF,1.234,95.0,58.0469,OFF,7.8,1.02,-100.0,C,C,NC,C
543,ON_3_20190424_192609,28,ON_3_20190424_192609_28.bmp,ON,49.55,250.0,748.3125,ON,60.0,510.204,800.0,C,C,C,C
544,OFF_4_20190424_192749,28,OFF_4_20190424_192749_28.bmp,OFF,1.053,90.0,56.2266,OFF,7.8,1.02,-100.0,C,C,NC,C
545,ON_5_20190424_192929,28,ON_5_20190424_192929_28.bmp,ON,51.28,250.0,746.7188,ON,60.0,510.204,800.0,C,C,C,C
546,OFF_6_20190424_193110,28,OFF_6_20190424_193110_28.bmp,OFF,0.934,90.0,59.3281,OFF,7.8,1.02,-100.0,C,C,NC,C
547,ON_7_20190424_193313,28,ON_7_20190424_193313_28.bmp,ON,49.33,245.0,729.9375,ON,60.0,510.204,800.0,C,C,C,C
548,OFF_8_20190424_193453,28,OFF_8_20190424_193453_28.bmp,OFF,1.208,90.0,58.1484,OFF,7.8,0.99,-100.0,C,C,NC,C
549,ON_9_20190424_193633,28,ON_9_20190424_193633_28.bmp,ON,49.15,245.0,731.0938,ON,60.0,510.204,800.0,C,C,C,C
550,OFF_10_20190424_193814,28,OFF_10_20190424_193814_28.bmp,OFF,1.072,95.0,59.6563,OFF,7.8,0.99,-100.0,C,C,NC,C
551,ON_11_20190424_193954,28,ON_11_20190424_193954_28.bmp,ON,51.28,250.0,729.4844,ON,60.0,510.204,800.0,C,C,C,C
552,OFF_12_20190424_194135,28,OFF_12_20190424_194135_28.bmp,OFF,0.953,95.0,57.6875,OFF,7.8,0.99,-100.0,C,C,NC,C
553,ON_1_20181129_201422,10,ON_1_20181129_201422_10.bmp,ON,52.833,123.3,668.1719,ON,60.0,510.204,800.0,C,C,C,C
554,OFF_2_20181129_201546,10,OFF_2_20181129_201546_10.bmp,OFF,1.32,0.0,-35.1875,OFF,7.8,1.02,-100.0,C,C,C,C
555,ON_3_20181129_201711,10,ON_3_20181129_201711_10.bmp,ON,52.917,126.9,669.1407,ON,60.0,510.204,800.0,C,C,C,C
556,OFF_4_20181129_201835,10,OFF_4_20181129_201835_10.bmp,OFF,1.15,0.0,-33.3984,OFF,7.8,1.02,-100.0,C,C,C,C
557,ON_5_20181129_201959,10,ON_5_20181129_201959_10.bmp,ON,52.292,129.8,732.0782,ON,60.0,510.204,800.0,C,C,C,C
558,OFF_6_20181129_202123,10,OFF_6_20181129_202123_10.bmp,OFF,1.045,0.0,-33.8828,OFF,7.8,1.02,-100.0,C,C,C,C
559,ON_7_20181129_202306,10,ON_7_20181129_202306_10.bmp,ON,52.29,120.9,652.8282,ON,60.0,510.204,800.0,C,C,C,C
560,OFF_8_20181129_202430,10,OFF_8_20181129_202430_10.bmp,OFF,1.314,0.0,-30.9531,OFF,7.8,0.99,-100.0,C,C,C,C
561,ON_9_20181129_202554,10,ON_9_20181129_202554_10.bmp,ON,52.17,122.4,654.0469,ON,60.0,510.204,800.0,C,C,C,C
562,OFF_10_20181129_202718,10,OFF_10_20181129_202718_10.bmp,OFF,1.143,0.0,-32.6406,OFF,7.8,0.99,-100.0,C,C,C,C
563,ON_11_20181129_202842,10,ON_11_20181129_202842_10.bmp,ON,52.43,120.9,710.0,ON,60.0,510.204,800.0,C,C,C,C
564,OFF_12_20181129_203006,10,OFF_12_20181129_203006_10.bmp,OFF,1.037,0.0,-31.5078,OFF,7.8,0.99,-100.0,C,C,C,C
565,ON_1_20190425_215524,26,ON_1_20190425_215524_26.bmp,ON,51.08,135.0,654.2969,ON,60.0,510.204,800.0,C,C,C,C
566,OFF_2_20190425_215704,26,OFF_2_20190425_215704_26.bmp,OFF,1.235,-30.0,-64.0234,OFF,7.8,1.02,-100.0,C,C,C,C
567,ON_3_20190425_215844,26,ON_3_20190425_215844_26.bmp,ON,50.87,135.0,656.9688,ON,60.0,510.204,800.0,C,C,C,C
568,OFF_4_20190425_220024,26,OFF_4_20190425_220024_26.bmp,OFF,1.181,-30.0,-64.8359,OFF,7.8,1.02,-100.0,C,C,C,C
569,ON_5_20190425_220204,26,ON_5_20190425_220204_26.bmp,ON,51.51,135.0,656.5157,ON,60.0,510.204,800.0,C,C,C,C
570,OFF_6_20190425_220344,26,OFF_6_20190425_220344_26.bmp,OFF,0.971,-30.0,-64.7813,OFF,7.8,1.02,-100.0,C,C,C,C
571,ON_7_20190425_220547,26,ON_7_20190425_220547_26.bmp,ON,50.64,130.0,633.3125,ON,60.0,510.204,800.0,C,C,C,C
572,OFF_8_20190425_220727,26,OFF_8_20190425_220727_26.bmp,OFF,1.24,-30.0,-63.6328,OFF,7.8,0.99,-100.0,C,C,C,C
573,ON_9_20190425_220907,26,ON_9_20190425_220907_26.bmp,ON,50.46,130.0,637.9375,ON,60.0,510.204,800.0,C,C,C,C
574,OFF_10_20190425_221047,26,OFF_10_20190425_221047_26.bmp,OFF,1.04,-30.0,-65.5234,OFF,7.8,0.99,-100.0,C,C,C,C
575,ON_11_20190425_221227,26,ON_11_20190425_221227_26.bmp,ON,51.51,130.0,635.9532,ON,60.0,510.204,800.0,C,C,C,C
576,OFF_12_20190425_221407,26,OFF_12_20190425_221407_26.bmp,OFF,0.966,-30.0,-64.5938,OFF,7.8,0.99,-100.0,C,C,C,C
577,ON_1_20181126_130830,19,ON_1_20181126_130830_19.bmp,ON,52.4,130.0,668.3907,ON,60.0,510.204,800.0,C,C,C,C
578,OFF_2_20181126_130957,19,OFF_2_20181126_130957_19.bmp,OFF,1.355,0.0,-32.0313,OFF,7.8,1.02,-100.0,C,C,C,C
579,ON_3_20181126_131137,19,ON_3_20181126_131137_19.bmp,ON,52.13,121.8,640.7813,ON,60.0,495.04900000000004,800.0,C,C,C,C
580,OFF_4_20181126_131304,19,OFF_4_20181126_131304_19.bmp,OFF,1.15,0.0,-35.0469,OFF,7.8,0.99,-100.0,C,C,C,C
581,ON_1_20190514_132112,21,ON_1_20190514_132112_21.bmp,ON,90.0,-2560.0,0.0,ON,60.0,510.204,800.0,C,NC,C,C
582,OFF_2_20190514_132256,21,OFF_2_20190514_132256_21.bmp,OFF,8.0,-2560.0,0.0,OFF,7.8,1.02,-100.0,C,NC,C,C
583,ON_3_20190514_132440,21,ON_3_20190514_132440_21.bmp,ON,90.0,-2560.0,0.0,ON,60.0,510.204,800.0,C,NC,C,C
584,OFF_4_20190514_132624,21,OFF_4_20190514_132624_21.bmp,OFF,8.0,-2560.0,0.0,OFF,7.8,1.02,-100.0,C,NC,C,C
585,ON_5_20190514_132808,21,ON_5_20190514_132808_21.bmp,ON,90.0,-2560.0,0.0,ON,60.0,510.204,800.0,C,NC,C,C
586,OFF_6_20190514_132953,21,OFF_6_20190514_132953_21.bmp,OFF,8.0,-2560.0,0.0,OFF,7.8,1.02,-100.0,C,NC,C,C
587,ON_7_20190514_133200,21,ON_7_20190514_133200_21.bmp,ON,90.0,-2560.0,0.0,ON,60.0,510.204,800.0,C,NC,C,C
588,OFF_8_20190514_133344,21,OFF_8_20190514_133344_21.bmp,OFF,8.0,-2560.0,0.0,OFF,7.8,0.99,-100.0,C,NC,C,C
589,ON_9_20190514_133529,21,ON_9_20190514_133529_21.bmp,ON,90.0,-2560.0,0.0,ON,60.0,510.204,800.0,C,NC,C,C
590,OFF_10_20190514_133713,21,OFF_10_20190514_133713_21.bmp,OFF,8.0,-2560.0,0.0,OFF,7.8,0.99,-100.0,C,NC,C,C
591,ON_11_20190514_133857,21,ON_11_20190514_133857_21.bmp,ON,90.0,-2560.0,0.0,ON,60.0,510.204,800.0,C,NC,C,C
592,OFF_12_20190514_134041,21,OFF_12_20190514_134041_21.bmp,OFF,8.0,-2560.0,0.0,OFF,7.8,0.99,-100.0,C,NC,C,C
593,ON_1_20190509_172117,3,ON_1_20190509_172117_3.bmp,ON,47.91,165.0,621.5625,ON,60.0,510.204,800.0,C,C,C,C
594,OFF_2_20190509_172301,3,OFF_2_20190509_172301_3.bmp,OFF,1.311,20.0,-24.5547,OFF,7.8,1.02,-100.0,C,C,NC,C
595,ON_3_20190509_172445,3,ON_3_20190509_172445_3.bmp,ON,47.31,155.0,683.9532,ON,60.0,510.204,800.0,C,C,C,C
596,OFF_4_20190509_172629,3,OFF_4_20190509_172629_3.bmp,OFF,1.12,0.0,-37.4531,OFF,7.8,1.02,-100.0,C,C,C,C
597,ON_5_20190509_172813,3,ON_5_20190509_172813_3.bmp,ON,51.22,140.0,669.3282,ON,60.0,510.204,800.0,C,C,C,C
598,OFF_6_20190509_172957,3,OFF_6_20190509_172957_3.bmp,OFF,1.006,-10.0,-51.4141,OFF,7.8,1.02,-100.0,C,C,C,C
599,ON_7_20190509_173204,3,ON_7_20190509_173204_3.bmp,ON,47.1,125.0,572.7344,ON,60.0,510.204,800.0,C,C,C,C
600,OFF_8_20190509_173348,3,OFF_8_20190509_173348_3.bmp,OFF,1.334,-15.0,-59.4531,OFF,7.8,0.99,-100.0,C,C,C,C
601,ON_9_20190509_173532,3,ON_9_20190509_173532_3.bmp,ON,46.81,115.0,639.6875,ON,60.0,510.204,800.0,C,C,C,C
602,OFF_10_20190509_173716,3,OFF_10_20190509_173716_3.bmp,OFF,1.142,-20.0,-65.8281,OFF,7.8,0.99,-100.0,C,C,C,C
603,ON_11_20190509_173900,3,ON_11_20190509_173900_3.bmp,ON,51.2,110.0,638.4063,ON,60.0,510.204,800.0,C,C,C,C
604,OFF_12_20190509_174044,3,OFF_12_20190509_174044_3.bmp,OFF,1.009,-30.0,-71.5156,OFF,7.8,0.99,-100.0,C,C,C,C
605,ON_1_20181213_141334,4,ON_1_20181213_141334_4.bmp,ON,51.05,130.0,665.6563,ON,60.0,510.204,800.0,C,C,C,C
606,OFF_2_20181213_141458,4,OFF_2_20181213_141458_4.bmp,OFF,1.433,0.0,-29.6953,OFF,7.8,1.02,-100.0,C,C,C,C
607,ON_3_20181213_141622,4,ON_3_20181213_141622_4.bmp,ON,50.86,130.0,662.9844,ON,60.0,510.204,800.0,C,C,C,C
608,OFF_4_20181213_141746,4,OFF_4_20181213_141746_4.bmp,OFF,1.187,0.0,-32.7266,OFF,7.8,1.02,-100.0,C,C,C,C
609,ON_5_20181213_141910,4,ON_5_20181213_141910_4.bmp,ON,52.4,129.3,733.7188,ON,60.0,510.204,800.0,C,C,C,C
610,OFF_6_20181213_142033,4,OFF_6_20181213_142033_4.bmp,OFF,1.0435,0.0,-33.7344,OFF,7.8,1.02,-100.0,C,C,C,C
611,ON_7_20181213_142217,4,ON_7_20181213_142217_4.bmp,ON,50.75,120.0,641.4219,ON,60.0,510.204,800.0,C,C,C,C
612,OFF_8_20181213_142340,4,OFF_8_20181213_142340_4.bmp,OFF,1.292,0.0,-33.5547,OFF,7.8,0.99,-100.0,C,C,C,C
613,ON_9_20181213_142504,4,ON_9_20181213_142504_4.bmp,ON,50.58,120.0,640.6094,ON,60.0,510.204,800.0,C,C,C,C
614,OFF_10_20181213_142628,4,OFF_10_20181213_142628_4.bmp,OFF,1.125,0.0,-34.1641,OFF,7.8,0.99,-100.0,C,C,C,C
615,ON_11_20181213_142752,4,ON_11_20181213_142752_4.bmp,ON,52.4,120.0,709.9063,ON,60.0,510.204,800.0,C,C,C,C
616,OFF_12_20181213_142916,4,OFF_12_20181213_142916_4.bmp,OFF,1.1829,0.0,-26.3828,OFF,7.8,0.99,-100.0,C,C,C,C
617,ON_1_20181213_141334,32,ON_1_20181213_141334_32.bmp,ON,51.05,130.0,665.6563,ON,60.0,510.204,800.0,C,C,C,C
618,OFF_2_20181213_141458,32,OFF_2_20181213_141458_32.bmp,OFF,1.433,0.0,-29.6953,OFF,7.8,1.02,-100.0,C,C,C,C
619,ON_3_20181213_141622,32,ON_3_20181213_141622_32.bmp,ON,50.86,130.0,662.9844,ON,60.0,510.204,800.0,C,C,C,C
620,OFF_4_20181213_141746,32,OFF_4_20181213_141746_32.bmp,OFF,1.187,0.0,-32.7266,OFF,7.8,1.02,-100.0,C,C,C,C
621,ON_5_20181213_141910,32,ON_5_20181213_141910_32.bmp,ON,52.4,129.3,733.7188,ON,60.0,510.204,800.0,C,C,C,C
622,OFF_6_20181213_142033,32,OFF_6_20181213_142033_32.bmp,OFF,2.435,0.0,-33.7344,OFF,7.8,1.02,-100.0,C,C,C,C
623,ON_7_20181213_142217,32,ON_7_20181213_142217_32.bmp,ON,50.75,120.0,641.4219,ON,60.0,510.204,800.0,C,C,C,C
624,OFF_8_20181213_142340,32,OFF_8_20181213_142340_32.bmp,OFF,8.0,-2.2,-33.5547,OFF,7.8,0.99,-100.0,C,NC,C,C
625,ON_9_20181213_142504,32,ON_9_20181213_142504_32.bmp,ON,50.58,120.0,640.6094,ON,60.0,510.204,800.0,C,C,C,C
626,OFF_10_20181213_142628,32,OFF_10_20181213_142628_32.bmp,OFF,8.0,-0.3,-34.1641,OFF,7.8,0.99,-100.0,C,NC,C,C
627,ON_11_20181213_142752,32,ON_11_20181213_142752_32.bmp,ON,52.4,120.0,709.9063,ON,60.0,510.204,800.0,C,C,C,C
628,OFF_12_20181213_142916,32,OFF_12_20181213_142916_32.bmp,OFF,7.999,-9.4,-36.3828,OFF,7.8,0.99,-100.0,C,NC,C,C
629,ON_1_20181126_093729,61,ON_1_20181126_093729_61.bmp,ON,89.99,-9.1,-3.2656,ON,60.0,510.204,800.0,C,NC,C,C
630,OFF_2_20181126_093856,61,OFF_2_20181126_093856_61.bmp,OFF,-1.906,-10.0,-11.8594,OFF,7.8,1.02,-100.0,C,C,C,C
631,ON_3_20181126_094036,61,ON_3_20181126_094036_61.bmp,ON,90.0,-9.8,-3.875,ON,60.0,495.04900000000004,800.0,C,NC,C,C
632,OFF_4_20181126_094202,61,OFF_4_20181126_094202_61.bmp,OFF,-1.906,-10.0,-12.4766,OFF,7.8,0.99,-100.0,C,C,C,C
633,ON_1_20190524_214338,66,ON_1_20190524_214338_66.bmp,ON,44.49,145.0,620.8594,ON,60.0,510.204,800.0,C,C,C,C
634,OFF_2_20190524_214520,66,OFF_2_20190524_214520_66.bmp,OFF,1.412,0.0,-32.6406,OFF,7.8,1.02,-100.0,C,C,C,C
635,ON_3_20190524_214700,66,ON_3_20190524_214700_66.bmp,ON,46.19,145.0,619.2969,ON,60.0,510.204,800.0,C,C,C,C
636,OFF_4_20190524_214841,66,OFF_4_20190524_214841_66.bmp,OFF,1.202,0.0,-34.4844,OFF,7.8,1.02,-100.0,C,C,C,C
637,ON_5_20190524_215022,66,ON_5_20190524_215022_66.bmp,ON,51.35,145.0,613.7657,ON,60.0,510.204,800.0,C,C,C,C
638,OFF_6_20190524_215203,66,OFF_6_20190524_215203_66.bmp,OFF,1.126,0.0,-33.6016,OFF,7.8,1.02,-100.0,C,C,C,C
639,ON_7_20190524_215408,66,ON_7_20190524_215408_66.bmp,ON,44.47,140.0,598.0625,ON,60.0,510.204,800.0,C,C,C,C
640,OFF_8_20190524_215549,66,OFF_8_20190524_215549_66.bmp,OFF,1.417,0.0,-31.1172,OFF,7.8,0.99,-100.0,C,C,C,C
641,ON_9_20190524_215730,66,ON_9_20190524_215730_66.bmp,ON,46.31,140.0,600.6094,ON,60.0,510.204,800.0,C,C,C,C
642,OFF_10_20190524_215911,66,OFF_10_20190524_215911_66.bmp,OFF,1.279,0.0,-32.1797,OFF,7.8,0.99,-100.0,C,C,C,C
643,ON_11_20190524_220052,66,ON_11_20190524_220052_66.bmp,ON,50.71,140.0,596.0469,ON,60.0,510.204,800.0,C,C,C,C
644,OFF_12_20190524_220233,66,OFF_12_20190524_220233_66.bmp,OFF,1.143,0.0,-32.7656,OFF,7.8,0.99,-100.0,C,C,C,C
645,ON_1_20181207_093147,92,ON_1_20181207_093147_92.bmp,ON,52.19,180.0,626.3907,ON,60.0,510.204,800.0,C,C,C,C
646,OFF_2_20181207_093313,92,OFF_2_20181207_093313_92.bmp,OFF,1.189,50.0,17.2813,OFF,7.8,1.02,-100.0,C,C,NC,C
647,ON_3_20181207_093453,92,ON_3_20181207_093453_92.bmp,ON,51.88,170.0,610.4219,ON,60.0,495.04900000000004,800.0,C,C,C,C
648,OFF_4_20181207_093620,92,OFF_4_20181207_093620_92.bmp,OFF,1.317,40.0,11.0469,OFF,7.8,0.99,-100.0,C,C,NC,C
649,ON_1_20181126_110026,59,ON_1_20181126_110026_59.bmp,ON,52.75,-99.5,363.3594,ON,60.0,510.204,800.0,C,C,C,C
650,OFF_2_20181126_110156,59,OFF_2_20181126_110156_59.bmp,OFF,1.02,-228.9,-251.9297,OFF,7.8,1.02,-100.0,C,C,C,NC
651,ON_3_20181126_110339,59,ON_3_20181126_110339_59.bmp,ON,52.23,-170.0,279.7813,ON,60.0,495.04900000000004,800.0,C,C,C,C
652,OFF_4_20181126_110508,59,OFF_4_20181126_110508_59.bmp,OFF,-1.906,-250.0,-251.9297,OFF,7.8,0.99,-100.0,C,C,C,NC
653,ON_1_20181206_143348,50,ON_1_20181206_143348_50.bmp,ON,54.26,80.0,644.375,ON,60.0,510.204,800.0,C,C,C,C
654,OFF_2_20181206_143519,50,OFF_2_20181206_143519_50.bmp,OFF,1.082,-60.0,-86.8906,OFF,7.8,1.02,-100.0,C,C,C,C
655,ON_3_20181206_143704,50,ON_3_20181206_143704_50.bmp,ON,79.59,76.2,623.7657,ON,60.0,495.04900000000004,800.0,C,NC,C,C
656,OFF_4_20181206_143836,50,OFF_4_20181206_143836_50.bmp,OFF,1.079,-60.0,-85.0859,OFF,7.8,0.99,-100.0,C,C,C,C
657,ON_1_20181126_130830,57,ON_1_20181126_130830_57.bmp,ON,52.4,120.0,658.3907,ON,60.0,510.204,800.0,C,C,C,C
658,OFF_2_20181126_130957,57,OFF_2_20181126_130957_57.bmp,OFF,1.355,-10.0,-42.0313,OFF,7.8,1.02,-100.0,C,C,C,C
659,ON_3_20181126_131137,57,ON_3_20181126_131137_57.bmp,ON,52.13,111.8,630.7813,ON,60.0,495.04900000000004,800.0,C,C,C,C
660,OFF_4_20181126_131304,57,OFF_4_20181126_131304_57.bmp,OFF,7.24,-10.0,-45.0469,OFF,7.8,0.99,-100.0,C,C,C,C
661,ON_1_20190524_184239,68,ON_1_20190524_184239_68.bmp,ON,44.43,145.0,607.8594,ON,60.0,510.204,800.0,C,C,C,C
662,OFF_2_20190524_184423,68,OFF_2_20190524_184423_68.bmp,OFF,1.453,0.0,-32.8438,OFF,7.8,1.02,-100.0,C,C,C,C
663,ON_3_20190524_184607,68,ON_3_20190524_184607_68.bmp,ON,46.19,145.0,609.0,ON,60.0,510.204,800.0,C,C,C,C
664,OFF_4_20190524_184751,68,OFF_4_20190524_184751_68.bmp,OFF,1.123,0.0,-34.6172,OFF,7.8,1.02,-100.0,C,C,C,C
665,ON_5_20190524_184935,68,ON_5_20190524_184935_68.bmp,ON,51.34,140.0,606.1094,ON,60.0,510.204,800.0,C,C,C,C
666,OFF_6_20190524_185119,68,OFF_6_20190524_185119_68.bmp,OFF,0.982,0.0,-36.9688,OFF,7.8,1.02,-100.0,C,C,C,C
667,ON_7_20190524_185328,68,ON_7_20190524_185328_68.bmp,ON,44.44,140.0,589.4219,ON,60.0,510.204,800.0,C,C,C,C
668,OFF_8_20190524_185512,68,OFF_8_20190524_185512_68.bmp,OFF,1.415,0.0,-32.1953,OFF,7.8,0.99,-100.0,C,C,C,C
669,ON_9_20190524_185656,68,ON_9_20190524_185656_68.bmp,ON,46.3,140.0,592.8125,ON,60.0,510.204,800.0,C,C,C,C
670,OFF_10_20190524_185840,68,OFF_10_20190524_185840_68.bmp,OFF,1.115,0.0,-33.8203,OFF,7.8,0.99,-100.0,C,C,C,C
671,ON_11_20190524_190023,68,ON_11_20190524_190023_68.bmp,ON,51.35,140.0,590.8282,ON,60.0,510.204,800.0,C,C,C,C
672,OFF_12_20190524_190207,68,OFF_12_20190524_190207_68.bmp,OFF,1.006,0.0,-33.6016,OFF,7.8,0.99,-100.0,C,C,C,C
673,ON_1_20181129_201422,34,ON_1_20181129_201422_34.bmp,ON,79.06,63.3,608.1719,ON,60.0,510.204,800.0,C,NC,C,C
674,OFF_2_20181129_201546,34,OFF_2_20181129_201546_34.bmp,OFF,1.32,-60.0,-95.1875,OFF,7.8,1.02,-100.0,C,C,C,C
675,ON_3_20181129_201711,34,ON_3_20181129_201711_34.bmp,ON,77.55,66.9,609.1407,ON,60.0,510.204,800.0,C,NC,C,C
676,OFF_4_20181129_201835,34,OFF_4_20181129_201835_34.bmp,OFF,1.15,-60.0,-93.3984,OFF,7.8,1.02,-100.0,C,C,C,C
677,ON_5_20181129_201959,34,ON_5_20181129_201959_34.bmp,ON,74.58,69.8,672.0782,ON,60.0,510.204,800.0,C,NC,C,C
678,OFF_6_20181129_202123,34,OFF_6_20181129_202123_34.bmp,OFF,1.045,-60.0,-93.8828,OFF,7.8,1.02,-100.0,C,C,C,C
679,ON_7_20181129_202306,34,ON_7_20181129_202306_34.bmp,ON,52.29,60.9,592.8282,ON,60.0,510.204,800.0,C,C,C,C
680,OFF_8_20181129_202430,34,OFF_8_20181129_202430_34.bmp,OFF,1.314,-60.0,-90.9531,OFF,7.8,0.99,-100.0,C,C,C,C
681,ON_9_20181129_202554,34,ON_9_20181129_202554_34.bmp,ON,52.17,62.4,594.0469,ON,60.0,510.204,800.0,C,C,C,C
682,OFF_10_20181129_202718,34,OFF_10_20181129_202718_34.bmp,OFF,1.143,-60.0,-92.6406,OFF,7.8,0.99,-100.0,C,C,C,C
683,ON_11_20181129_202842,34,ON_11_20181129_202842_34.bmp,ON,52.43,60.9,650.0,ON,60.0,510.204,800.0,C,C,C,C
684,OFF_12_20181129_203006,34,OFF_12_20181129_203006_34.bmp,OFF,1.037,-60.0,-91.5078,OFF,7.8,0.99,-100.0,C,C,C,C
685,ON_1_20181213_094220,33,ON_1_20181213_094220_33.bmp,ON,48.42,0.0,8.7656,ON,60.0,510.204,800.0,C,C,C,C
686,OFF_2_20181213_094342,33,OFF_2_20181213_094342_33.bmp,OFF,-1.906,0.0,-2.3359,OFF,7.8,1.02,-100.0,C,C,C,C
687,ON_3_20181213_094503,33,ON_3_20181213_094503_33.bmp,ON,48.24,0.0,8.5469,ON,60.0,510.204,800.0,C,C,C,C
688,OFF_4_20181213_094624,33,OFF_4_20181213_094624_33.bmp,OFF,-1.906,0.0,-2.3359,OFF,7.8,1.02,-100.0,C,C,C,C
689,ON_5_20181213_094746,33,ON_5_20181213_094746_33.bmp,ON,48.1,0.0,8.3594,ON,60.0,510.204,800.0,C,C,C,C
690,OFF_6_20181213_094907,33,OFF_6_20181213_094907_33.bmp,OFF,-1.906,0.0,-2.4609,OFF,7.8,1.02,-100.0,C,C,C,C
691,ON_7_20181213_095048,33,ON_7_20181213_095048_33.bmp,ON,48.08,0.0,8.6875,ON,60.0,510.204,800.0,C,C,C,C
692,OFF_8_20181213_095209,33,OFF_8_20181213_095209_33.bmp,OFF,-1.906,0.0,-2.2188,OFF,7.8,0.99,-100.0,C,C,C,C
693,ON_9_20181213_095330,33,ON_9_20181213_095330_33.bmp,ON,47.9,0.0,8.4844,ON,60.0,510.204,800.0,C,C,C,C
694,OFF_10_20181213_095452,33,OFF_10_20181213_095452_33.bmp,OFF,-1.906,0.0,-2.2734,OFF,7.8,0.99,-100.0,C,C,C,C
695,ON_11_20181213_095613,33,ON_11_20181213_095613_33.bmp,ON,47.78,0.0,8.6875,ON,60.0,510.204,800.0,C,C,C,C
696,OFF_12_20181213_095735,33,OFF_12_20181213_095735_33.bmp,OFF,-1.906,0.0,-2.5781,OFF,7.8,0.99,-100.0,C,C,C,C
697,ON_1_20181129_183910,5,ON_1_20181129_183910_5.bmp,ON,52.45,130.0,711.2344,ON,60.0,510.204,800.0,C,C,C,C
698,OFF_2_20181129_184031,5,OFF_2_20181129_184031_5.bmp,OFF,1.345,0.0,35.5703,OFF,7.8,1.02,-100.0,C,C,C,C
699,ON_3_20181129_184152,5,ON_3_20181129_184152_5.bmp,ON,52.27,130.0,711.8438,ON,60.0,510.204,800.0,C,C,C,C
700,OFF_4_20181129_184313,5,OFF_4_20181129_184313_5.bmp,OFF,1.189,0.0,32.7656,OFF,7.8,1.02,-100.0,C,C,C,C
701,ON_5_20181129_184434,5,ON_5_20181129_184434_5.bmp,ON,52.37,129.3,706.4219,ON,60.0,510.204,800.0,C,C,C,C
702,OFF_6_20181129_184555,5,OFF_6_20181129_184555_5.bmp,OFF,1.072,0.0,29.8906,OFF,7.8,1.02,-100.0,C,C,C,C
703,ON_7_20181129_184735,5,ON_7_20181129_184735_5.bmp,ON,52.15,120.0,697.0157,ON,60.0,510.204,800.0,C,C,C,C
704,OFF_8_20181129_184856,5,OFF_8_20181129_184856_5.bmp,OFF,1.356,0.0,30.7813,OFF,7.8,0.99,-100.0,C,C,C,C
705,ON_9_20181129_185017,5,ON_9_20181129_185017_5.bmp,ON,51.97,120.0,689.3282,ON,60.0,510.204,800.0,C,C,C,C
706,OFF_10_20181129_185138,5,OFF_10_20181129_185138_5.bmp,OFF,1.199,0.0,29.6875,OFF,7.8,0.99,-100.0,C,C,C,C
707,ON_11_20181129_185259,5,ON_11_20181129_185259_5.bmp,ON,52.26,120.0,688.5938,ON,60.0,510.204,800.0,C,C,C,C
708,OFF_12_20181129_185420,5,OFF_12_20181129_185420_5.bmp,OFF,1.072,0.0,29.7656,OFF,7.8,0.99,-100.0,C,C,C,C
709,ON_1_20181031_122440,2,ON_1_20181031_122440_2.bmp,OFF,0.09,,,ON,60.0,,,NC,NC,,
710,ON_1_20181204_074650,56,ON_1_20181204_074650_56.bmp,ON,73.84,59.8,719.5938,ON,60.0,510.204,800.0,C,NC,C,C
711,OFF_2_20181204_075229,56,OFF_2_20181204_075229_56.bmp,OFF,1.2,-70.0,-102.1719,OFF,7.8,1.02,-100.0,C,C,C,NC
712,ON_3_20181204_075413,56,ON_3_20181204_075413_56.bmp,ON,77.02,50.4,696.3907,ON,60.0,495.04900000000004,800.0,C,NC,C,C
713,OFF_4_20181204_075543,56,OFF_4_20181204_075543_56.bmp,OFF,1.194,-70.0,-102.4531,OFF,7.8,0.99,-100.0,C,C,C,NC
714,ON_1_20190524_143310,69,ON_1_20190524_143310_69.bmp,ON,54.62,145.0,596.5938,ON,60.0,510.204,800.0,C,C,C,C
715,OFF_2_20190524_143454,69,OFF_2_20190524_143454_69.bmp,OFF,7.583,0.0,-31.2969,OFF,7.8,1.02,-100.0,C,C,C,C
716,ON_3_20190524_143638,69,ON_3_20190524_143638_69.bmp,ON,46.18,145.0,600.4532,ON,60.0,510.204,800.0,C,C,C,C
717,OFF_4_20190524_143822,69,OFF_4_20190524_143822_69.bmp,OFF,7.28,0.0,-31.3438,OFF,7.8,1.02,-100.0,C,C,C,C
718,ON_5_20190524_144006,69,ON_5_20190524_144006_69.bmp,ON,51.2,145.0,600.5469,ON,60.0,510.204,800.0,C,C,C,C
719,OFF_6_20190524_144150,69,OFF_6_20190524_144150_69.bmp,OFF,1.166,0.0,-32.0469,OFF,7.8,1.02,-100.0,C,C,C,C
720,ON_7_20190524_144359,69,ON_7_20190524_144359_69.bmp,ON,44.49,140.0,579.9219,ON,60.0,510.204,800.0,C,C,C,C
721,OFF_8_20190524_144543,69,OFF_8_20190524_144543_69.bmp,OFF,1.441,0.0,-33.1953,OFF,7.8,0.99,-100.0,C,C,C,C
722,ON_9_20190524_144727,69,ON_9_20190524_144727_69.bmp,ON,46.19,140.0,582.8125,ON,60.0,510.204,800.0,C,C,C,C
723,OFF_10_20190524_144911,69,OFF_10_20190524_144911_69.bmp,OFF,1.24,0.0,-32.2734,OFF,7.8,0.99,-100.0,C,C,C,C
724,ON_11_20190524_145054,69,ON_11_20190524_145054_69.bmp,ON,51.33,140.0,580.0313,ON,60.0,510.204,800.0,C,C,C,C
725,OFF_12_20190524_145238,69,OFF_12_20190524_145238_69.bmp,OFF,1.002,0.0,-34.4922,OFF,7.8,0.99,-100.0,C,C,C,C
726,ON_1_20181206_140149,51,ON_1_20181206_140149_51.bmp,ON,54.35,-60.0,502.9844,ON,60.0,510.204,800.0,C,C,C,C
727,OFF_2_20181206_140321,51,OFF_2_20181206_140321_51.bmp,OFF,0.962,-190.0,-219.7422,OFF,7.8,1.02,-100.0,C,C,C,NC
728,ON_3_20181206_140503,51,ON_3_20181206_140503_51.bmp,ON,53.99,-60.0,489.0625,ON,60.0,495.04900000000004,800.0,C,C,C,C
729,OFF_4_20181206_140632,51,OFF_4_20181206_140632_51.bmp,OFF,0.955,-190.0,-219.1484,OFF,7.8,0.99,-100.0,C,C,C,NC
730,ON_1_20181207_005100,93,ON_1_20181207_005100_93.bmp,ON,52.51,170.4,630.75,ON,60.0,510.204,800.0,C,C,C,C
731,OFF_2_20181207_005225,93,OFF_2_20181207_005225_93.bmp,OFF,7.969,40.9,13.4922,OFF,7.8,1.02,-100.0,C,NC,NC,C
732,ON_3_20181207_005401,93,ON_3_20181207_005401_93.bmp,ON,52.17,170.0,612.2969,ON,60.0,495.04900000000004,800.0,C,C,C,C
733,OFF_4_20181207_005526,93,OFF_4_20181207_005526_93.bmp,OFF,7.976,40.8,14.5469,OFF,7.8,0.99,-100.0,C,NC,NC,C
734,ON_1_20190524_204856,67,ON_1_20190524_204856_67.bmp,ON,44.51,145.0,620.8125,ON,60.0,510.204,800.0,C,C,C,C
735,OFF_2_20190524_205037,67,OFF_2_20190524_205037_67.bmp,OFF,1.418,0.0,-31.7031,OFF,7.8,1.02,-100.0,C,C,C,C
736,ON_3_20190524_205218,67,ON_3_20190524_205218_67.bmp,ON,46.2,145.0,618.3282,ON,60.0,510.204,800.0,C,C,C,C
737,OFF_4_20190524_205359,67,OFF_4_20190524_205359_67.bmp,OFF,1.26,0.0,-33.7969,OFF,7.8,1.02,-100.0,C,C,C,C
738,ON_5_20190524_205540,67,ON_5_20190524_205540_67.bmp,ON,51.35,145.0,615.8282,ON,60.0,510.204,800.0,C,C,C,C
739,OFF_6_20190524_205721,67,OFF_6_20190524_205721_67.bmp,OFF,1.123,0.0,-33.8984,OFF,7.8,1.02,-100.0,C,C,C,C
740,ON_7_20190524_205926,67,ON_7_20190524_205926_67.bmp,ON,44.4,140.0,597.8907,ON,60.0,510.204,800.0,C,C,C,C
741,OFF_8_20190524_210107,67,OFF_8_20190524_210107_67.bmp,OFF,1.415,0.0,-31.3359,OFF,7.8,0.99,-100.0,C,C,C,C
742,ON_9_20190524_210248,67,ON_9_20190524_210248_67.bmp,ON,46.29,140.0,595.5938,ON,60.0,510.204,800.0,C,C,C,C
743,OFF_10_20190524_210429,67,OFF_10_20190524_210429_67.bmp,OFF,1.269,0.0,-31.5078,OFF,7.8,0.99,-100.0,C,C,C,C
744,ON_11_20190524_210610,67,ON_11_20190524_210610_67.bmp,ON,51.35,140.0,596.5782,ON,60.0,510.204,800.0,C,C,C,C
745,OFF_12_20190524_210751,67,OFF_12_20190524_210751_67.bmp,OFF,1.13,0.0,-31.8281,OFF,7.8,0.99,-100.0,C,C,C,C
746,ON_1_20181126_112218,58,ON_1_20181126_112218_58.bmp,ON,52.51,-140.0,318.9219,ON,60.0,510.204,800.0,C,C,C,C
747,OFF_2_20181126_112347,58,OFF_2_20181126_112347_58.bmp,OFF,1.026,-240.0,-251.9297,OFF,7.8,1.02,-100.0,C,C,C,NC
748,ON_3_20181126_112530,58,ON_3_20181126_112530_58.bmp,ON,52.16,-180.0,264.4531,ON,60.0,495.04900000000004,800.0,C,C,C,C
749,OFF_4_20181126_112659,58,OFF_4_20181126_112659_58.bmp,OFF,-1.906,-250.0,-251.9297,OFF,7.8,0.99,-100.0,C,C,C,NC
750,ON_1_20181126_103714,60,ON_1_20181126_103714_60.bmp,ON,90.0,-1.3,-2.0156,ON,60.0,510.204,800.0,C,NC,C,C
751,OFF_2_20181126_103843,60,OFF_2_20181126_103843_60.bmp,OFF,-1.906,-10.0,-11.8672,OFF,7.8,1.02,-100.0,C,C,C,C
752,ON_3_20181126_104026,60,ON_3_20181126_104026_60.bmp,ON,90.0,-4.3,-2.375,ON,60.0,495.04900000000004,800.0,C,NC,C,C
753,OFF_4_20181126_104155,60,OFF_4_20181126_104155_60.bmp,OFF,-1.906,-10.0,-10.9453,OFF,7.8,0.99,-100.0,C,C,C,C
754,ON_1_20181116_230306,94,ON_1_20181116_230306_94.bmp,ON,36.98,160.0,401.3125,ON,60.0,510.204,800.0,C,C,C,C
755,OFF_2_20181116_230430,94,OFF_2_20181116_230430_94.bmp,OFF,7.999,49.7,-32.6875,OFF,10.0,1.02,-100.0,C,C,NC,C
756,ON_3_20181116_230608,94,ON_3_20181116_230608_94.bmp,ON,37.13,159.9,401.3125,ON,60.0,495.04900000000004,800.0,C,C,C,C
757,OFF_4_20181116_230732,94,OFF_4_20181116_230732_94.bmp,OFF,4.654,50.0,-31.3047,OFF,10.0,0.99,-100.0,C,C,NC,C
758,ON_1_20181105_201724,115,ON_1_20181105_201724_115.bmp,ON,36.78,146.9,401.3125,ON,60.0,510.204,800.0,C,C,C,C
759,OFF_2_20181105_201841,115,OFF_2_20181105_201841_115.bmp,OFF,4.528,30.0,-50.2969,OFF,10.0,1.02,-100.0,C,C,NC,C
760,ON_3_20181105_202008,115,ON_3_20181105_202008_115.bmp,ON,36.79,141.7,401.3125,ON,60.0,495.04900000000004,800.0,C,C,C,C
761,OFF_4_20181105_202125,115,OFF_4_20181105_202125_115.bmp,OFF,4.461,30.0,-49.0391,OFF,10.0,0.99,-100.0,C,C,NC,C
762,ON_1_20181117_171348,114,ON_1_20181117_171348_114.bmp,ON,56.84,160.0,401.3125,ON,60.0,510.204,800.0,C,C,C,C
763,OFF_2_20181117_171513,114,OFF_2_20181117_171513_114.bmp,OFF,7.973,41.1,-35.8047,OFF,10.0,1.02,-100.0,C,C,NC,C
764,ON_3_20181117_171650,114,ON_3_20181117_171650_114.bmp,ON,36.93,155.2,401.3125,ON,60.0,495.04900000000004,800.0,C,C,C,C
765,OFF_4_20181117_171814,114,OFF_4_20181117_171814_114.bmp,OFF,7.955,40.2,-34.2891,OFF,10.0,0.99,-100.0,C,C,NC,C
766,ON_1_20181113_232117,113,ON_1_20181113_232117_113.bmp,ON,36.9,163.5,401.3125,ON,60.0,510.204,800.0,C,C,C,C
767,OFF_2_20181113_232240,113,OFF_2_20181113_232240_113.bmp,OFF,4.533,50.0,-28.7578,OFF,10.0,1.02,-100.0,C,C,NC,C
768,ON_3_20181113_232417,113,ON_3_20181113_232417_113.bmp,ON,36.75,160.1,401.3125,ON,60.0,495.04900000000004,800.0,C,C,C,C
769,OFF_4_20181113_232541,113,OFF_4_20181113_232541_113.bmp,OFF,4.517,50.0,-27.4766,OFF,10.0,0.99,-100.0,C,C,NC,C
